"","Helicobacter","Brucella","Romboutsia","Sphingomonas","Deinococcus","Bacteroides","Amycolatopsis","Rothia","Vibrionimonas","Caulobacter","Rikenellaceae RC9 gut group","Intestinimonas","Enorma","[Ruminococcus] torques group","Mucilaginibacter","Microbacterium","Lachnoclostridium","[Eubacterium] brachy group","Colidextribacter","Faecalibacterium","Erysipelatoclostridium","Olsenella","Brevundimonas","Methylobacterium-Methylorubrum","Chryseobacterium","Campylobacter","Bradyrhizobium","Faecalitalea","Subdoligranulum","Fusobacterium","Candidatus Arthromitus","Thermus","Blautia","Tuzzerella","Sphingobium","Afipia","Butyricicoccus","UCG-005","Bdellovibrio","SM1A02","Clostridium sensu stricto 1","Fournierella","Faecalicoccus","Collinsella","Odoribacter","Sellimonas","Cupriavidus","Negativibacillus","Ochrobactrum","Mesorhizobium","Akkermansia","Brevibacterium","Synergistes","Erythrobacter","Bosea","Flavonifractor","Corynebacterium","Asticcacaulis","Crossiella","Acinetobacter","Bifidobacterium","Blastomonas","Barnesiella","Incertae Sedis","Candidatus Vestibaculum","GCA-900066575","Pygmaiobacter","Phyllobacterium","Eisenbergiella","Alloprevotella","Lactobacillus","Family XIII AD3011 group","Alistipes","Mycobacterium","Christensenellaceae R-7 group","Bryobacter","Chthonomonas","Parabacteroides","Allorhizobium-Neorhizobium-Pararhizobium-Rhizobium","Shuttleworthia","Cutibacterium","HSB OF53-F07","Dielma","Merdibacter","Herpetosiphon","Monoglobus","Rikenella","Geodermatophilus","NK4A214 group","Oscillibacter","Anaerofilum","HT002","Marvinbryantia","DNF00809","Lachnospiraceae UCG-010","Longivirga","[Eubacterium] hallii group","Niveispirillum","Slackia","Aquabacterium","CHKCI002","Sandarakinorhabdus","Phenylobacterium","DTU089","Ligilactobacillus","Lachnospiraceae NC2004 group","Actinospica","Coriobacteriaceae UCG-002","[Eubacterium] nodatum group","Adhaeribacter","Prevotellaceae UCG-001","Brachybacterium","CHKCI001","Meiothermus","Pseudoflavonifractor","Actinomyces","Family XIII UCG-001","Holdemania","Lachnospiraceae NK4A136 group","Labrys","Sphingopyxis","Oribacterium","Candidatus Saccharimonas","Delftia","Acidothermus","1921-2","Clostridium sensu stricto 13","Rhodococcus","[Ruminococcus] gnavus group","Flavobacterium","Devosia","Paludicola","Blastococcus","OLB13","Desulfovibrio","Leucobacter","Sediminibacterium","Prevotella_9","Novispirillum","Frisingicoccus","OM27 clade","UCG-009","Aquisphaera","Altererythrobacter","Lachnospiraceae UCG-002","Hungatella","Veillonella","UCG-002","Anaerotruncus","Candidatus Alysiosphaera","Nitrobacter","Anaerobiospirillum","Elstera","Kocuria","Enterorhabdus","Arenimonas","Arthrobacter","Sphaerochaeta","Anoxybacillus","Geobacillus","Novosphingobium","SWB02","Marmoricola","Anaerostipes","Ruminococcus","Microvirga","Fusicatenibacter","Pelomonas","Paraprevotella","Rhodoplanes","Verrucomicrobium","Pedococcus-Phycicoccus","Coprobacter","Lawsonella","Streptococcus","Clostridium sensu stricto 10","Dietzia","Terrisporobacter","Methyloversatilis","Leptotrichia","Limibaculum","Flavisolibacter","Acetoanaerobium","Ellin6055","Microcystis PCC-7914","alphaI cluster","RB41","dgA-11 gut group","Roseburia","Lachnospiraceae FCS020 group","Pedomicrobium","Epulopiscium","Ohtaekwangia","Kribbella","Haliangium","Defluviitaleaceae UCG-011","Nitrosospira","Nevskia","UCG-008","hgcI clade","Castellaniella","Lachnospiraceae UCG-004","Actinoplanes","Porphyrobacter","Rubellimicrobium","Megamonas","Occallatibacter","Gordonia","Leifsonia","Iamia","Phascolarctobacterium","Sulfurifustis","Enterococcus","Pseudomonas","Flavitalea","Xenophilus","Syntrophaceticus","Solitalea","Ornithobacterium","Methylocella","Amaricoccus","Dyadobacter","Paracoccus","Stenotrophobacter","Phaselicystis","Xanthobacter","Candidatus Udaeobacter","Enterobacter","[Clostridium] innocuum group","Truepera","[Eubacterium] ruminantium group","Streptomyces","Pseudonocardia","Acetobacter","Sphingobacterium","Aeromicrobium","Gaiella","Lachnospiraceae NK4B4 group","Planktosalinus","Sumerlaea","Azospirillum","Pajaroellobacter","Catenibacillus","Phreatobacter","TM7a","Candidatus Obscuribacter","Tyzzerella","Edaphobaculum","Spirosoma","Nordella","Nubsella","Ilumatobacter","Rubrobacter","Rhodobacter","F0058","Anaerococcus","Agromyces","Papillibacter","Nocardioides","Lachnospiraceae FE2018 group","Pelagibacterium","Pedobacter","Peptococcus","Gemmatimonas","Nakamurella","Candidatus Soleaferrea","Phaeodactylibacter","[Eubacterium] eligens group","Micrococcus","Oscillospira","Candidatus Paracaedibacter","Rhodovastum","Proteiniphilum","Knoellia","Succinatimonas","Capnocytophaga","Eubacterium","UBA1819","Anaeroplasma","Dorea","Cloacibacterium","Defluviimonas","Massilia","Pseudolabrys","Dongia","Rhizorhapis","Glutamicibacter","UKL13-1","Cellulosilyticum","Cryobacterium","Loriellopsis LF-B5","Roseomonas","Rhizocola","Puia","Cystobacter","Enhydrobacter","Erysipelotrichaceae UCG-003","Nitrospira","V9D2013 group","Hirschia","Alterococcus","Chthonobacter","Pediococcus","Micavibrio","Euryhalocaulis","Escherichia-Shigella","Pseudarthrobacter","Gluconacetobacter","Hymenobacter","Acidiphilium","Prevotellaceae UCG-003","ML602J-51","Brumimicrobium","Turicibacter","Acidaminobacter","Elusimicrobium","Butyricimonas","Paenibacillus","Reyranella","Actinomycetospora","Ferruginibacter","Herbinix","Kinneretia","Victivallis","Microterricola","Mucispirillum","Thiobacillus","Candidatus Finniella","Calothrix PCC-6303","Candidatus Solibacter","Saccharibacillus","Angelakisella","Leptolinea","Planomicrobium","Hyphomicrobium","Ignavibacterium","Methylomonas","Defluviicoccus","Harryflintia","Anaerostignum","Empedobacter","Aquipuribacter","Comamonas","Porphyromonas","Holdemanella","Vitellibacter","Lachnospiraceae NK3A20 group","Rhizobacter","Neomicrococcus","Belnapia","Craurococcus-Caldovatus","Terrimicrobium","RBG-16-58-14","UC5-1-2E3","Dinghuibacter","Myroides","Candidatus Stoquefichus","Varibaculum","Hassallia","Psychroglaciecola","Oceanicaulis","Prosthecobacter","Nitriliruptor","Megasphaera","Dubosiella","Limnobacter","Brevibacillus","Prevotella","Ruminiclostridium","Povalibacter","Gemmobacter","W5053","Bergeyella","Christensenella","Bacillus","Shewanella","Sulfurisoma","Aeromonas","Lactococcus","Ramlibacter","Prevotellaceae Ga6A1 group","Dialister","Thermoanaerobaculum","Dechloromonas","Undibacterium","Noviherbaspirillum","Parasutterella","Staphylococcus","Atopobium","Sample_ID","sample_alias","group","site"
"SRR13891628",0.00455675227837614,0.256420878210439,0.0492957746478873,0.123239436619718,0.0441176470588235,0.0169842584921292,0.0115990057995029,0.00372825186412593,0.0644159072079536,0.0219552609776305,0.00289975144987573,0.00683512841756421,0,0.00745650372825186,0.00704225352112676,0.0157415078707539,0.00248550124275062,0,0.00476387738193869,0.03003314001657,0.00165700082850041,0,0.016155758077879,0.0144987572493786,0.0055923777961889,0.000414250207125104,0.00289975144987573,0,0.00766362883181442,0,0.00144987572493786,0,0.00662800331400166,0,0.0055923777961889,0,0.00165700082850041,0.00227837613918807,0,0.00414250207125104,0.00310687655343828,0,0.00103562551781276,0,0.0055923777961889,0,0,0,0,0.0055923777961889,0,0.00207125103562552,0,0,0,0,0.018019884009942,0,0,0,0,0,0,0,0,0,0,0,0,0,0,0,0,0.00704225352112676,0.00207125103562552,0.0157415078707539,0,0,0,0.00393537696768848,0,0,0,0,0,0,0,0,0,0,0,0,0,0,0,0,0,0,0,0,0,0,0,0,0,0,0,0,0,0,0,0,0,0,0,0,0,0,0.0202982601491301,0.00124275062137531,0.00352112676056338,0,0,0,0,0,0,0,0,0,0.00683512841756421,0,0,0,0,0,0.000828500414250207,0.00372825186412593,0,0,0.00331400165700083,0,0,0,0,0,0,0,0.00186412593206297,0,0,0,0,0,0,0,0,0,0,0,0.00269262634631317,0,0,0.00372825186412593,0.010149130074565,0,0.00269262634631317,0,0.00124275062137531,0,0,0,0,0,0.000207125103562552,0.00642087821043911,0,0,0,0,0.006006628003314,0.0107705053852527,0.0109776304888152,0,0,0.00579950289975145,0.0055923777961889,0,0.00310687655343828,0,0,0,0.00932062966031483,0,0.00497100248550124,0,0,0,0,0.00745650372825186,0.00497100248550124,0,0,0,0,0,0,0,0,0,0,0.00269262634631317,0,0,0.00434962717481359,0.00434962717481359,0.00434962717481359,0.00207125103562552,0,0,0,0,0,0.00869925434962717,0,0,0.000621375310687655,0,0,0,0,0.00704225352112676,0.00372825186412593,0,0,0,0.00227837613918807,0.00352112676056338,0,0,0.00331400165700083,0,0,0,0.000621375310687655,0,0,0,0,0.00289975144987573,0,0,0,0,0,0,0.00248550124275062,0,0,0,0,0,0,0,0,0,0,0,0,0,0,0,0,0,0,0,0,0,0,0,0,0,0,0,0,0,0,0,0,0,0,0,0,0,0,0,0,0,0,0,0,0,0,0,0,0,0,0,0,0,0,0,0,0,0,0,0,0,0.000828500414250207,0,0,0,0,0,0,0,0,0,0,0,0,0,0,0,0,0,0,0,0,0,0,0,0,0,0,0,0,0,0,0,0,0,0,0,0,0,0,0,0,0,0,0,0,0,0,0,0,0,0,0,0,0,0,0,0,0,0,0,0,0,0,0,0,0,0,0,0,0,0,"SRR13891628","H9JC","HBW","C"
"SRR13891632",0.0179288321167883,0.174954379562044,0.260492700729927,0.0731751824817518,0.000821167883211679,0.0148722627737226,0.0101733576642336,0.00109489051094891,0.016742700729927,0.00346715328467153,0.0010492700729927,0.00132299270072993,0.022992700729927,0.132892335766423,0,0.0115419708029197,0.0412408759124088,0.00697992700729927,0.000866788321167883,0,0.0362226277372263,0.0150091240875912,0.00392335766423358,0.00656934306569343,9.12408759124088e-05,0,0.0020529197080292,0.0160127737226277,0.0222627737226277,0.000775547445255474,0.00428832116788321,0.000136861313868613,0.00720802919708029,0.000501824817518248,0.00173357664233577,0.00141423357664234,0.00114051094890511,0.000273722627737226,0,0.000866788321167883,0.0159215328467153,0.00670620437956204,0.00191605839416058,0.00926094890510949,0,0.0109032846715328,0,0.00132299270072993,0,0.000638686131386861,0,0.00118613138686131,0,0.00118613138686131,0.000866788321167883,0,0.000866788321167883,0.000319343065693431,0,0,0.00282846715328467,0,0,0.000775547445255474,0.000638686131386861,0.000501824817518248,0.00168795620437956,0,0,0,0,0.00187043795620438,0,0,0.00191605839416058,0.000364963503649635,0.000501824817518248,0.000638686131386861,0,0.00200729927007299,0,0,0,0.000364963503649635,0,0.00670620437956204,0,0,0,0.000410583941605839,0,0,0.0010492700729927,0.00141423357664234,0,0,0.00168795620437956,0,0.000821167883211679,0,0.00291970802919708,0,0,0,0,0,0,0.000821167883211679,0,0,0,0,0,0,0,0,0,0.000501824817518248,0,0.000136861313868613,0,0,0.000547445255474453,0,0,0,0,0,0,0,0.000182481751824818,0,0,0,0,0,0.000319343065693431,0,0,0.000547445255474453,0,0,0,0,0,0,0,0,0,0,0,0,0,0,0,0,0,0,0,0,0,0,0,0,0,0,0,0,0,0,0,0,0,0,0,0,0,0,0,0,0,0,0,0,0,0,0,0,0,0,0.000593065693430657,0,0,0,0,0,0,0,0.000958029197080292,0,0,0,0,0,0,0,0,0,0,0,0,0,0,0,0,0,0,0,0.000182481751824818,0,0,0,0,0,0,0,0,0,0,0,0,0,0,0,0,0,0,0,0,0,0,0,0,0,0,0,0,0,0,0,0,0,0,0,0,0,0,0,0,0,0,0,0,0,0.000501824817518248,9.12408759124088e-05,0,0,0,0,0,0,0,0,0,0,0,0,0,0,0,0,0,0,0,0,0.000228102189781022,0.000410583941605839,0.000319343065693431,0,0,0,0,0,0,0,0,0,0,0,0,0,0,0,0,0,0,0,0,0,0,0,0,0,0,0,0,0,0,0,0,0,0,0,0,0,0,0,0,0,0,0,0.000182481751824818,0.000182481751824818,0,0,0,0,0,0,0,0,0,0,0,0,0,0,0,0,0,0,0,0,0,0,0,0,0,0,0,0,0,0,0,0,0,0,0,0,0,0,0,0,0,0,0,0,0,0,0,0,0,0,0,0,0,0,0,"SRR13891632","H5JC","HBW","C"
"SRR13891633",0.0766574585635359,0.33816758747698,0.00115101289134438,0.00425874769797422,0.278199815837937,0.00230202578268877,0.0439686924493554,0,0.00713627992633517,0.00748158379373849,0.00253222836095764,0.00276243093922652,0.00264732965009208,0,0,0,0.00069060773480663,0,0,0.00517955801104972,0.000115101289134438,0.00103591160220994,0.0194521178637201,0.0234806629834254,0.000230202578268877,0,0.00253222836095764,0,0.00138121546961326,0.00115101289134438,0.000805709023941068,0.0100138121546961,0.000345303867403315,0,0,0.00161141804788214,0,0,0.0484576427255985,0,0,0.00069060773480663,0,0,0,0,0.0193370165745856,0,0.0172651933701657,0,0,0.00644567219152855,0,0,0,0,0,0.023365561694291,0.0039134438305709,0.00771178637200737,0.000230202578268877,0,0,0,0,0,0.00069060773480663,0,0.00115101289134438,0,0.000230202578268877,0.000345303867403315,0,0.00529465930018416,0,0.00230202578268877,0,0,0.00103591160220994,0,0.000460405156537753,0,0,0,0,0.000345303867403315,0,0,0,0,0,0,0,0,0,0,0,0,0,0,0,0.00069060773480663,0.00126611418047882,0,0,0,0,0,0,0,0,0.00310773480662983,0,0,0,0,0,0,0,0,0,0,0,0,0,0,0,0,0,0,0,0,0,0,0,0,0,0,0,0,0.000805709023941068,0,0,0,0,0,0,0,0,0,0,0,0,0,0,0,0.000115101289134438,0,0,0.000115101289134438,0,0,0,0,0,0,0,0.00103591160220994,0,0,0,0,0,0,0,0,0,0,0,0,0,0,0,0,0,0,0,0.000115101289134438,0,0,0,0,0,0,0.00115101289134438,0,0,0,0,0,0,0,0,0.000805709023941068,0,0,0,0,0,0,0,0.00069060773480663,0,0,0,0,0,0,0,0,0,0,0,0.000115101289134438,0.00218692449355433,0.000920810313075506,0,0,0,0,0,0,0,0,0,0,0,0,0,0,0,0,0,0,0,0.000230202578268877,0,0,0,0,0,0,0,0,0,0,0,0,0.00069060773480663,0,0,0,0,0.000805709023941068,0,0,0.00126611418047882,0,0,0,0,0,0,0.00115101289134438,0,0,0,0,0,0,0,0,0,0,0,0,0,0,0,0.0014963167587477,0.00103591160220994,0,0,0,0,0,0.000920810313075506,0,0,0,0,0,0,0,0,0,0,0,0,0,0,0,0,0,0.00069060773480663,0,0,0,0,0,0,0,0.000575506445672192,0,0,0,0.000345303867403315,0,0,0,0,0,0,0,0.000460405156537753,0.000460405156537753,0.000460405156537753,0.000460405156537753,0,0,0,0,0,0,0,0,0,0,0,0,0,0,0.000345303867403315,0,0,0,0,0,0,0,0,0,0,0,0.000230202578268877,0.000230202578268877,0,0,0,0,0,0,0,0,0,0.000115101289134438,0.000230202578268877,0.000115101289134438,0,0,0,0,0,0,0,0,0,0,0,"SRR13891633","L10JM","LBW","M"
"SRR13891634",0.325584333543904,0.0304906296062329,0.000505369551484523,0.000800168456517162,0.00138976626658244,0.0685196883554433,0.00627500526426616,0,0.0032849020846494,0.00185302168877658,0.189260897030954,0.0231206569804169,0.0021899347230996,0.0341124447252053,0,0,0.0202568961886713,0.0060223204885239,0.0443040640134765,0.0245525373762897,0.00560117919562013,4.21141292903769e-05,0.00134765213729206,0.00240050536955148,0,0.00151610865445357,0.000463255422194146,0,0.00261107601600337,0.00320067382606865,0.000758054327226785,0,0.0038323857654243,0.00446409770477995,0.000336913034323015,0.000379027163613392,0.00341124447252053,0.00282164666245525,0,0.000842282585807538,0,0.0082122552116235,0,8.42282585807538e-05,0.0275005264266161,0.000800168456517162,0,0.00749631501368709,0,0,0,0.0005474836807749,0.0192461570857023,0,0,0.0143609180880185,0,0,0.00248473362813224,0.000210570646451885,0.00206359233522847,0,0.00311644556748789,0.000715940197936408,0.00282164666245525,0.00623289113497578,0.000336913034323015,0,0.0032849020846494,0.000294798905032638,0,0.00172667930090545,0.010949673615498,0,0.00374815750684355,0.000210570646451885,0,0.00581174984207202,0,0,0,0,0,0.00391661402400505,0,0.00202147820593809,0,0,0.0104021899347231,0.00909665192672142,0.00210570646451885,0,0.00189513581806696,0.000842282585807538,0.00416929879974732,0,0.00336913034323015,0,0.000463255422194146,0,0,0,0,0.000926510844388292,0,0,0,0,0.00147399452516319,0,0.00341124447252053,0,0,0,0.00248473362813224,0,0.000673826068646031,0,0.00197936407664772,0,0,0,0.000252684775742262,0,0,0,0,0,0,0,0,0.00143188039587282,0,0,0.00185302168877658,0,0,0,0,0,0,0.00172667930090545,0,0,0.000379027163613392,0,0,0,0,0,0,0,0,0,0,0,0,0,0,0,0,0,0,0.00126342387871131,0.00134765213729206,0,0,0,0,0,0,0,0.000631711939355654,0,0,0,0,0,0,0,0,0,0,0,0,0,0,0,0.0005474836807749,0.000421141292903769,0,0,0,0,0,0,0,0,0,0,0,0,0,0,0,0.000252684775742262,0,0,0,0,0,0,0,0,0,0,0,0,0,0,0,0,0,0,0,0,0,0,0,0,0,0,0,0,0,0,0,0,0,0,0,0,0,0,0,0,0,0,0,0,0,0,0,0,0,0,0,0.000336913034323015,0,0,0,0,0,0,0,0.000379027163613392,0,0,0,0,0,0,0,0,0.000336913034323015,0,0,0,0,0,0,0,0,0,0,0,0,0,0,0,0,0,0,0,0,0,0,0,0,0,0,0,0,0,0,0,0,0,0,0,0,0,0,0,0,0,0,0,0,0,0,0,0,0.000210570646451885,0.000210570646451885,0,0,0,0,0,0,0,0,0,0,0,0,0,0.000168456517161508,0.000168456517161508,0,0,0,0,0,0,0,0,0,0,0,0,0,0,0,0,0,0,0,0,0,0,0,4.21141292903769e-05,0,0,0,0,0,0,0,0,0,0,0,0,0,0,0,0,0,0,0,0,0,0,0,0,0,"SRR13891634","L9JM","LBW","M"
"SRR13891635",0.108147405364753,0.194685384808223,0.0167961895211833,0.00586613186262221,0.0863875658059664,0.0216094259212835,0.0315868638756581,0,0.0102782652293808,0.0246176986713462,0.0125846076710955,0.013888192529456,0.0211581850087741,0.0131361243419403,0,0.0149410879919779,0.00280772123339183,0.00386061669591376,0.00170468789170218,0.0176485334670343,0.00431185760842316,0.00666833792930559,0.0146402607169717,0.0760591626974179,0.000200551516670845,0.000501378791677112,0.00411130609175232,0.000350965154173978,0.0315367259964904,0.00085234394585109,0.000651792429180246,0.0209074956129356,0.00832288794184006,0.000300827275006267,0.00170468789170218,0.00360992730007521,0.00531461519177739,0.00441213336675859,0.00115317122085736,0.00641764853346703,0,0.0149410879919779,0.00160441213336676,0.00606668337929306,0,0,0.000100275758335422,0,0.00381047881674605,0.000601654550012535,0.00140386061669591,0.00085234394585109,0.00641764853346703,0.000701930308347957,0.000651792429180246,0.00265730759588869,0,0.00416144397092003,0,0.00165455001253447,0,0,0.0013537227375282,0.00451240912509401,0,0.00100275758335422,0,0.00255703183755327,0.00115317122085736,0.000902481825018802,0.000601654550012535,0.00040110303334169,0.00325896214590123,0.0120330910002507,0.00636751065429932,0,0.00305841062923038,0.00366006517924292,0.00170468789170218,0,0.00120330910002507,0.00867385309601404,0.000451240912509401,0.00220606668337929,0.00822261218350464,0.00506392579593883,0,0.00777137127099524,0.00125344697919278,0.0044622712459263,0.00235648032088243,0,0,0,0.000250689395838556,0.00611682125846077,0,0.00200551516670845,0.00190523940837303,0.00360992730007521,0,0,0,0,0,0.0076209576334921,0.00486337427926799,0,0,0,0.0040110303334169,0,0,0.00350965154173978,0.000752068187515668,0.0040110303334169,0,0,0.0040110303334169,0,0,0.000551516670844823,0,0,0,0.00325896214590123,0.00325896214590123,0,0.00315868638756581,0,0.00110303334168965,0.000150413637503134,0.00310854850839809,0,0,0,0,0.00085234394585109,0,0.000300827275006267,0,0,0,0,0,0.00215592880421158,0.00110303334168965,0,0,0.00235648032088243,0.00220606668337929,0,0,0,0.000250689395838556,0,0,0,0.000501378791677112,0,0,0,0,0,0.00185510152920531,0,0,0,0.00105289546252194,0,0,0,0,0,5.01378791677112e-05,0,0,0,0,0,0,0,0,0,0,0,0,0.0013537227375282,0,0,0,0,0,0,0.00125344697919278,0,0,0.000300827275006267,0,0,0,0.00120330910002507,0,0,0,0.000100275758335422,0,0,0,0,0,0,0,5.01378791677112e-05,0,0,0,0,0,0,0,0,0,0,0,0,0,0,0,0,0,0,0,0,0,0,0,0,0,0,0,0,0,0.000350965154173978,0,0,0,0,0,0,0,0,0,0,0,0,0,0,0,0,0,0,0,0,0,0.000300827275006267,0,0,0,0,0,0,0,0,0,0.000501378791677112,0.000150413637503134,0,0,0,0,0,0,0,0,0,0,0,0,0,0,0,0,0,0,0,0,0,0,0,0,0,5.01378791677112e-05,0,0,0,0,0,0,0,0,0,0,0,0,0.000300827275006267,0,0,0,0,0,0,0,0,0,0,0,0,0,0,0,0,0,0,0,0,0,0,0,0,0.000200551516670845,0,0,0,0,0,0,0,0,0,0,0,0,0,0,0,0,0,0,0,0,0,0,0,0,0,0.000300827275006267,0,0,0,0,0,0,0,0,0,0,0,5.01378791677112e-05,0,0,0,0,0,0,0,0,0,0,"SRR13891635","L8JM","LBW","M"
"SRR13891638",0.0315144766146993,0.0880475129918337,0.0123608017817372,0.00241276911655531,0.570638455827765,0.00378619153674833,0.024090571640683,0.0052709725315516,0.0014105419450631,0.00786933927245731,0.000296956198960653,0.00842613214550854,0.0108389012620638,0.00727542687453601,0,0.00270972531551596,0.00133630289532294,0.000371195248700817,0.00471417965850037,0.0483667409057164,0.0048626577579807,0.00207869339272457,0.0234966592427617,0.0153303637713437,0,0.000853749072011878,0.0030438010393467,0,0.00738678544914625,0,0.00300668151447661,0.00374907201187825,0.000259836674090572,0.000631031922791388,0,0.000816629547141797,0.00337787676317743,0.000519673348181143,0,0.00389755011135857,0.00233853006681514,0.00438010393466964,0,0,0,0,0.00204157386785449,0.00207869339272457,0.00215293244246474,0.000927988121752042,0,0.000853749072011878,0,0.000408314773570898,0.000519673348181143,0.00137342242019302,0.0022271714922049,0.00144766146993318,0,0.00835189309576837,0.00400890868596882,0.000519673348181143,0.000816629547141797,0.000259836674090572,0,0,0.00293244246473645,0,0.000296956198960653,0,0.000371195248700817,0,0,0,0.00122494432071269,0.00219005196733482,0.000593912397921307,0.000519673348181143,0.00103934669636229,0,0.00115070527097253,0,0,0.000482553823311062,0.00478841870824053,0.000779510022271715,0,0,0,0.00233853006681514,0,0,0,0.000482553823311062,0,0,0,0,0,7.42390497401633e-05,0,0.000185597624350408,0,0,0,0,0,0,0,0,0.00148478099480327,0.00126206384558278,0,0,0.00107646622123237,0.00230141054194506,0.00289532293986637,0,0.00382331106161841,0,0,0,0,0,0.00248700816629547,0,0,0,0,0,0.000705270972531552,0,0,0,0,0.00133630289532294,0,0.000816629547141797,0.0010022271714922,0.000408314773570898,0,0,0.00189309576837416,0,0,0.00022271714922049,0,0.000519673348181143,0.00103934669636229,0,0,0,0,0,0,0.00159613956941351,0.00137342242019302,0,0,0.00144766146993318,0,0,0,0,0,0.00133630289532294,0,0.000185597624350408,0.00066815144766147,0.00129918337045286,0.00129918337045286,0,0,0,7.42390497401633e-05,0,0,0,3.71195248700817e-05,0,0,0,0,0,0,0,0,0,0,0,0,0,0,0,0,0.000185597624350408,0,0,0,0,0,0,0,0,0,0,0.000853749072011878,0,0,0,3.71195248700817e-05,0,3.71195248700817e-05,0,0,0,0,0,0,0,0,0,0,0,0,0.000482553823311062,0.00107646622123237,0.000705270972531552,0.000705270972531552,0,0,0,0,0.00066815144766147,0,0,0.000259836674090572,0,0,0,0,0.000185597624350408,0.000593912397921307,0,0,0.000556792873051225,0,0,0,0,0,0,0,0,0,0,0,0,0,0,0,0,0,0,0,0.000111358574610245,0,0.000408314773570898,0,0,0,0,0,0,0,0,0,0.000371195248700817,0.000371195248700817,0,0,0,0,0,0,0,0,0,0,0,0,0,0,0,0,0,0,0.000148478099480327,0,0,0,0,7.42390497401633e-05,0,0,0,0,0,0,0,0,0,0,0,0,0,0,0,0,0,0,0,0,0,0,0,0,0,0,0,0,0,0,0,0,0,0,0,0,0,0,0,0.000148478099480327,0.000148478099480327,0,0,0,0,0,0,0,0,0,0,0,0,0,0,0,0,0,0,0,3.71195248700817e-05,0,0,0,0,0,0,0,0,0,0,0,0,0,0,0,3.71195248700817e-05,0,0,0,0,0,0,0,0,0,"SRR13891638","L5JM","LBW","M"
"SRR13891641",0.113008720930233,0.477107558139535,0.000726744186046512,0.0305232558139535,0.00681322674418605,0.00190770348837209,0.0317042151162791,0.000999273255813954,0.053688226744186,0.0749454941860465,0.00236191860465116,0.00354287790697674,9.0843023255814e-05,0.00218023255813953,0,0.00190770348837209,0.000817587209302326,0,0,0.0142623546511628,0.000363372093023256,0,0.0168968023255814,0.0421511627906977,0,0,0.00481468023255814,0,0,0.00245276162790698,0,0,0.00145348837209302,0.000999273255813954,0.0051780523255814,0.00218023255813953,0,0,0.00090843023255814,0.00236191860465116,0.00145348837209302,0.000363372093023256,0,0.00245276162790698,0,0.00109011627906977,0,0,0,0.00390625,0.000363372093023256,0.00808502906976744,0,0.0045421511627907,0.00372456395348837,0.000817587209302326,0.00272529069767442,0.000817587209302326,0.0145348837209302,0,0.00163517441860465,0.0151707848837209,0,0.00290697674418605,0,0,0,0,0,0.000272529069767442,0,0,0.00090843023255814,0,0.000181686046511628,0.0026344476744186,0,0,0.00208938953488372,0.00090843023255814,0.000545058139534884,0,0,0,0,0,0,0,0,0.00045421511627907,0,0,0,0,0,0,0.00154433139534884,0.00136264534883721,0,0,0,0,0,0,0,0,0,0,0,0.00790334302325581,0,0,0,0,0,0,0,0,0.00136264534883721,0,0.00218023255813953,0,0,0,0,0,0,0.0012718023255814,0,0.000363372093023256,0,0.000272529069767442,0,0,0,0.00172601744186047,0.00163517441860465,0,0,0,0,0,0,0,0,0,0,0,0,0,0,0,0.00145348837209302,0.000817587209302326,0,0,0,0,0,0,0.00163517441860465,0,0,0,0.000363372093023256,0,0,0,0,0,0,0,0,0,0,0,0,0,0,0,0,0,0,0,0,0,0,0,0,0,0,0,0,0,0.000635901162790698,0.000363372093023256,0,0,0,0,0,0,0,0,0,0,0,0,0.00090843023255814,0,0,0,0,0,0,0,0,0,0,0,0,0,0,0,0,0,0,0,0,0,0,0.000817587209302326,0,0,0,0,0,0,0,0,0,0,0,0,0,0,0,0,0,0,0,0,0,0,0,0,0,0,0,0,0,0,0,0,0,0,0,0,0,0,0,0,0,0,0,0,0,0,0,0.00090843023255814,0.00090843023255814,0.00090843023255814,0,0,0.000272529069767442,0,0,0,0,0,0,0,0,0,0,0,0,0.000272529069767442,0,0,0,0,0,0,0.000635901162790698,0,0,0,0,0,0,0,0,0,0,0,0,0,0,0,0,0,0,0,0,0,0,0,0,0,0,0,0,0,0,0,0,0,0,0,0,0,0,0,0,0.000363372093023256,0,0,0,0,0,0,0,0,0,0,0,0,0,0,0,0,0,0,0,0,0,0,0.000181686046511628,0,0,0,0,0,0,0,0,0,0,0,0,0,0,0,0,0,0,0,0,"SRR13891641","L2JM","LBW","M"
"SRR13891644",0.014111382294209,0.023829598402485,0.00164189039272243,0.0103838473485689,0.00221877080097626,0.097759041491014,0.00110938540048813,0,0.00403816285777679,0.00181939205680053,0.068693143998225,0.121988018637675,0.012336365653428,0.0469935655646772,0,0.00190814288883958,0.0189926780563568,0.0247614821388951,0.0300421566452185,0.0478810738850677,0.0343465719991125,0.00754382072331928,0.000931883736410029,0.00110938540048813,0,0.000266252496117151,0.000221877080097626,0.0164189039272243,0.0284446416685156,0.0377634790326159,0.000443754160195252,0.000221877080097626,0.00457066785001109,0.00536942533836255,0,0.000443754160195252,0.0100732194364322,0.0501442201020635,0.000576880408253827,0.000310627912136676,0.000621255824273353,0.0331040603505658,0.00292877745728866,0.0118926114932327,0.00625693365875305,0.00994009318837364,0,0.023829598402485,0,0,0.0224983359218993,0,0.0142888839582871,0,0,0.0192589305524739,0,0.000310627912136676,0,0,0,0,0.00226314621699578,0.0109607277568227,0.00403816285777679,0.00461504326603062,0.00430441535389394,0,0.00328378078544486,0.00204126913689816,0,0.000576880408253827,0.0101619702684713,0,0.00954071444419792,0,0,0.00239627246505436,0,0.00204126913689816,0,0,0.00772132238739738,0.0052806745063235,0,0.00457066785001109,0.00532504992234302,0,0.00412691368981584,0.00377191036165964,0.00239627246505436,0,0,0,0.00346128244952296,0,0.000887508320390504,0,0.000355003328156201,0,0,0,0,0.00128688706456623,0,0,0,0,0.00150876414466386,0,0.00168626580874196,0,0.00204126913689816,0,0.00421566452185489,0,0.00115376081650765,0.00181939205680053,0.00288440204126914,0,0,0,0,0,0,0,0,0,0,0,0,0.00124251164854671,0,0,0,0,0,0,0,0,0,0.00137563789660528,0,0,0,0,0,0,0.000532504992234302,0,0,0.00159751497670291,0,0,0,0,0,0.00119813623252718,0,0,0,0,0,0,0.000443754160195252,0,0.000976259152429554,0,0,0,0,0,0.000133126248058576,0,0,0,0,0,0,0,0,0,0,0,0,0,0,0,0,0,0,0,0,0,0,0,0.00110938540048813,0,0,0,0,0,0,0,0,0,0,0,0,0,0,0.000710006656312403,0,0,0,0,0,0.000488129576214777,0,0,0,0,0,0,0,0,0,0,0,0,0,0,0,0,0,0.000443754160195252,0,0,0.000754382072331928,0,0,0,0,0,0,0,0,0,0,0,0,0.000621255824273353,0,0,0,0,0,0.000177501664078101,0,0.000532504992234302,0,0,0,0,0,0,0,0,0,0.000399378744175727,0,0,0,0,0,0.000310627912136676,0,0,0,0,0,0,0.000443754160195252,0,0,0,0,0,0,0,0,0,0.000399378744175727,0,0,0,0,0,0.000355003328156201,0,0,0,0,0,0,0,0,0,0,0,0,0,0,0,0,0,0,0,0,0,0,0,0,0.000221877080097626,0,0.000177501664078101,0,0,0,0,0,0,0,0,0,0,0,0,0,0,0,0,0,0,0,0,0,0,0,0,0,0,0,0,0,0,0,0,0,0,0,0,0,0,0,0,0,0,0,0,0,0,0,0,0,0,0,0,0,0,0,0,0,0,0,0,0,0,0,"SRR13891644","H10JM","HBW","M"
"SRR13891645",0.496686833765485,0.0550273696341112,0.118409680207433,0,0.0613656006914434,0.00403341976375684,0.00950734658599827,0,0,0.00316911552866609,0.00864304235090752,0,0,0.00259291270527226,0,0,0,0,0,0.0449438202247191,0,0,0.00374531835205993,0.0158455776433305,0,0,0,0,0,0,0.00259291270527226,0.0135407663497551,0,0,0,0,0.00115240564678767,0,0,0,0,0.00547392682224143,0,0.00230481129357534,0,0,0.00201670988187842,0,0,0,0,0.000576202823393835,0,0,0,0.00403341976375684,0.00691443388072602,0,0.00316911552866609,0,0,0.00460962258715068,0,0,0,0,0,0,0,0,0.0501296456352636,0,0,0,0,0.000864304235090752,0.000864304235090752,0,0,0,0,0,0,0,0,0,0,0,0,0,0,0.0149812734082397,0,0,0,0,0,0,0,0.0066263324690291,0,0,0,0,0,0,0,0,0,0,0,0,0,0,0,0,0,0,0,0,0,0,0,0,0,0,0,0,0,0,0,0,0,0,0,0,0,0,0,0,0,0,0,0,0,0,0.00201670988187842,0,0,0,0,0,0,0,0,0,0,0,0.000288101411696917,0,0,0,0,0,0,0,0,0,0,0,0,0,0,0,0,0,0,0,0.0509939498703544,0,0,0,0,0,0,0,0,0,0,0,0,0,0,0,0,0,0,0,0,0,0,0,0,0,0,0,0,0,0,0,0,0,0,0,0,0,0,0,0,0,0,0,0,0,0,0,0,0,0,0.000864304235090752,0,0,0,0,0,0,0,0,0,0,0,0,0,0,0,0,0,0,0,0,0,0,0,0,0,0,0,0,0,0,0,0,0,0,0,0,0,0,0,0,0,0,0,0,0,0,0,0,0,0,0,0,0,0,0,0,0,0,0,0,0,0,0,0,0,0,0,0,0,0,0,0,0.000576202823393835,0,0,0,0,0,0,0,0,0,0,0,0,0,0,0,0,0,0,0,0,0,0,0,0,0,0,0,0,0,0,0,0,0,0,0,0,0,0,0,0,0,0,0,0,0.00144050705848459,0,0,0,0,0,0,0,0,0,0,0,0,0,0,0,0,0,0,0,0,0,0,0,0,0,0,0,0,0,0,0,0,0,0,0,0,0,0,0,0,0,"SRR13891645","H9JM","HBW","M"
"SRR13891646",0.945867287543655,0.0286802836278971,0.00105831304899989,0,0.00206371044554979,5.29156524499947e-05,0.00211662609799979,0,0.000582072176949942,0.000687903481849931,0,0.000529156524499947,0,0,0,0,0,0,0,0.000317493914699968,0,0,0,0.000582072176949942,0,0.000105831304899989,0,0,0.000370409567149963,0,0.000634987829399936,0.000317493914699968,0,0.000317493914699968,0,0,0,0.000370409567149963,0,0.000317493914699968,0,0,0,0,0,0,0,0,0,0,0,0.000423325219599958,0,0.000158746957349984,0,0,0,0,0.000370409567149963,0,0,0,0,0,0,0,0,0,0,0,0.0115885278865488,0,0,0,0,0,0,0,0,0,0,0,0,0,0,0,0,0,0,0,0,0,0,0,0,0,0,0,0,0.00158746957349984,0,0,0,0,0.000634987829399936,0,0,0,0,0,0,0,0,0,0,0,0,0,0,0,0,0,0,0,0,0,0,0,0,0,0,0,0,0,0,0,0,0,0,0,0,0,0,0,0,0,0,0,0,0,0,0,0,0,0,0,0,0,0,0,0,0,0,0,0,0,0,0,0,0,0,0,0,0,0,0,0,0,0,0,0,0,0,0,0,0,0,0,0,0,0,0,0,0,0,0,0,0,0,0,0,0,0,0,0,0,0,0,0,0,0,0,0,0,0,0,0,0,0,0,0,0,0,0,0,0,0,0,0,0,0,0,0,0,0,0,0,0,0,0,0,0,0,0,0,0,0,0,0,0,0,0,0,0,0,0,0,0,0,0,0,0,0,0,0,0,0,0,0,0,0,0,0,0,0,0,0,0,0,0,0,0,0,0,0,0,0,0,0,0,0,0,0,0,0,0,0,0,0,0,0,0,0,0,0,0,0,0,0,0,0,0,0,0,0,0,0,0,0,0,0,0,0,0,0,0,0.000264578262249974,0,0,0,0,0,0,0,0,0,0,0,0,0,0,0,0,0,0,0,0,0,0,0,0,0,0,0,0,0,0,0,0,0,0,0,0,0,0,0,0,0,0,0,0,0,0,0,0,0,0,0,0,0,0,0,0,0,0,0,0,0,0,"SRR13891646","H8JM","HBW","M"
"SRR13891648",0.754374531591124,0.142722148000912,0.000358434618267132,0.00117305875069243,0.00798331649776793,0.0105901137215289,0.0068102577470755,0,0.00443155528039363,0.00296523184202809,0.00710352243474861,0,0,0.000912379028316335,0,0.000423604548861155,0.000684284271237251,0.000293264687673108,0.000586529375346215,0.00505066962103685,0.000130339861188048,0,0.00179217309133566,0.00664733292059044,0,0,0.00120564371598944,0,0.00032584965297012,0.000130339861188048,0.000195509791782072,0,0,0.000195509791782072,0.000456189514158167,0.000814624132425299,0,0,0,0.0021831926748998,0,0.000358434618267132,0,0,0.000586529375346215,0,0.00198768288311773,0.000944963993613347,0.00342142135618626,0.00107530385480139,0,0.00182475805663267,0.000456189514158167,0,0,0,0,0.000553944410049203,0.00107530385480139,0,0,0,0,0.00032584965297012,0.00146632343836554,0.000456189514158167,0,0.00143373847306853,0.000879794063019323,0.00153149336895956,0.00198768288311773,0.00016292482648506,0.000228094757079084,0,0.000619114340643227,0.000130339861188048,0.000130339861188048,0,0,0,0.000130339861188048,0,0,6.51699305940239e-05,0,0.000130339861188048,0,0,0.00016292482648506,0.000847209097722311,0,0,0,0,0.000130339861188048,0,0,0,0.000228094757079084,0.00228094757079084,0,0,0,0,0.000228094757079084,0,0,0,0,0,0.000977548958910359,0,0,0,0,0,0.00032584965297012,0,0,0,0,0.000553944410049203,0,0,0,0,0,0.000814624132425299,0,0,0,0,0,0.00133598357717749,0.000879794063019323,0,0,0,0.00016292482648506,0,0.000195509791782072,0,0,0,0,0,0,0,0,0,0,0,0,0,0,0,0,0.000293264687673108,0,3.2584965297012e-05,0,0,0,0,0,0,0,9.77548958910359e-05,0,0.000293264687673108,0,0.00114047378539542,0,0,0,0,0,0,0,0,0,6.51699305940239e-05,0,0,0,0,0,0,0,0,0,0,0,0,0.000553944410049203,0.000228094757079084,0,0,0,0,0,0,0,0,0,0,0,0,0,0.000749454201831275,0.000879794063019323,0,0,9.77548958910359e-05,0,0,0,0,0,0,0,0,0,0,0.000521359444752191,0,0,0,0,0,0,0,0,0,0,0.000586529375346215,0,0,0,0,0,0,0,0,0,0,0,0,0,0,0,0,0,0.000260679722376096,0,0,0,0,0,0,0.000228094757079084,0,0,0.00016292482648506,0,0,0,0,0.000358434618267132,0,0,0,0,0,0,0,0,0,0,0,0,0,0,0.00032584965297012,0.00032584965297012,0,0,0,0,0,0,0,0,0,0,0,0,0,0,0.000260679722376096,0.000260679722376096,0,0,0,0,0,0.000228094757079084,0,0,0,0,0,0,0,0,0,0,0,0,0.000195509791782072,0.000195509791782072,0,0,0,0,0,0,0,0,0,0,0,0,0,0,0,0,0,0,0,0,0,0,0,0,0,0,0,0,0,0,0,0,0,0,0,0,0,0,0,0,0,0,0,0,0,0,0,0,0,0,0,0,0,0,0,0,0,0,0,0,0,3.2584965297012e-05,0,0,0,0,0,0,"SRR13891648","H6JM","HBW","M"
"SRR13891651",0.148311735718197,0.276072275962767,0.00288373790837744,0.247234896878993,0.00313925898886658,0.0404453367402811,0.0150757437488593,0,0.0289468881182698,0.0165723672202957,0.0130680781164446,0.0027742288738821,0.00138711443694105,0.00481839751779522,0,0.0480744661434568,0.00197116262091623,0.000292024091987589,0.00197116262091623,0.00927176492060595,0.000292024091987589,0.000474539149479832,0.0125935389669648,0.0233254243475087,0,0.00503741558678591,0.00361379813834641,0,0.00229968972440226,0.00748311735718197,0.0194196021171747,0,0.000547545172476729,0.000730060229968972,0.00576747581675488,0.00463588246030297,0.000657054206972075,0,0.000766563241467421,0.00109509034495346,0,0.00109509034495346,0,0,0,0.000292024091987589,0,0.00138711443694105,0,0.00299324694287279,0,0.0014236174484395,0.00131410841394415,0.00171564154042709,0.00368680416134331,0,0.000438036137981383,0.003905822230334,0,0,0,0.0013506114254426,0.000730060229968972,0.00113159335645191,0.000365030114984486,0.00105858733345501,0,0.00328527103486038,0.0012045993794488,0.000949078298959664,0,0,0.00146012045993794,0,0.000109509034495346,0.000730060229968972,0,0.00109509034495346,0.000693557218470524,0.00025552108048914,0.000219018068990692,0,0,0.000766563241467421,0,0,0,0,0,0.000401533126482935,0,0,0.000876072275962767,0,0,0.000292024091987589,0,0.00105858733345501,0,0,0,0.00200766563241467,0.000657054206972075,0,0,0,0,0,0,0,0.000985581310458113,0,0,0,0.000328527103486038,0.000219018068990692,0,0,0,0.00160613250593174,0.000766563241467421,0,0,0,0,0,0,0.000365030114984486,0,0,0,0,0,0,0,0,0.000438036137981383,0,0,0,0,0,0,0,0,0,0,0,0,0,0,0,0.000328527103486038,0,0,0,0.00156962949443329,0.000109509034495346,0,0,0,0,0,0,0.000584048183975178,0,0,0,0,0,0,0,0.00025552108048914,0,0,0,0,0,0,0,0,0,0,0,0,0,0,0,0,0,0,0,0,0,0,0,0,0.000219018068990692,0,0,0,0,0,0,0,3.65030114984486e-05,0,0,0,0,0,0,0,0,0,0,0,0,0,0,0,0,0,0,0,0,0,0,0,0,0,0,0,0,0.000584048183975178,0,0,0,0,0,0,7.30060229968972e-05,0,0,0,0,0,0,0,0,0,0,0,0.000292024091987589,0,0,0,0,0,0,0.000182515057492243,0,0,0,0,0,0,0,0,0,0.000401533126482935,0,0,0,0,0,0,0,0,0,0,0,0,0,0,0.000365030114984486,0,0,0,0,0,0,0,0,0,0,0,0,0,0,0,0,0,0,0,0,0,0,0.00025552108048914,0,0,0,0,0,0,0,0,0,0,0,0,0,0,0,0,3.65030114984486e-05,0,0,0,0,0,0,0,0,0,0,0,0,0,0,0,0,0,0,0,0,0,0,0,0,0,0,0,0,0,0,0,0,0,0,0,0,0,0,0,0,0,0,0,0,0,0,0,0,0,0,0,0,0,0,0,0,0,0,0,0,0,0,0,"SRR13891651","H3JM","HBW","M"
"SRR13891654",0.0567484662576687,0.25920245398773,0.0552147239263804,0.23159509202454,0.0138036809815951,0,0.0214723926380368,0.0552147239263804,0.0276073619631902,0.0153374233128834,0,0,0,0.0352760736196319,0,0.0552147239263804,0,0,0,0,0,0,0.0199386503067485,0,0,0,0,0,0.0184049079754601,0.00306748466257669,0.00613496932515337,0,0,0,0,0,0,0,0,0,0,0,0,0.0383435582822086,0,0,0,0,0,0,0,0,0,0,0,0,0.0276073619631902,0,0,0,0.0184049079754601,0,0,0,0,0,0,0,0,0,0.0230061349693252,0,0,0,0,0,0,0,0,0,0,0,0,0,0,0,0,0,0,0,0,0.00153374233128834,0,0,0,0,0,0,0.0153374233128834,0,0,0,0,0,0,0,0,0,0,0,0,0,0,0,0,0,0,0,0,0,0,0,0,0,0,0,0,0,0,0,0,0,0,0,0,0,0,0,0,0,0,0,0,0,0,0,0,0,0,0,0,0,0,0,0,0,0,0,0,0,0,0,0,0,0,0,0,0,0,0,0,0,0,0,0.00153374233128834,0,0,0,0,0,0,0,0,0,0,0,0,0,0,0,0,0,0,0,0,0,0,0,0,0,0,0,0,0,0,0,0,0,0,0,0,0,0,0,0,0,0,0,0,0,0,0,0,0,0,0,0,0,0,0,0,0,0,0,0,0,0,0,0,0,0,0,0,0,0,0,0,0,0,0,0,0,0,0,0,0,0,0,0,0,0,0,0,0,0,0,0,0,0,0,0,0,0,0,0,0,0,0,0,0,0,0,0,0,0,0,0,0,0,0,0,0,0,0,0,0,0,0,0,0,0,0,0,0,0,0,0,0,0,0,0,0,0,0,0,0,0,0,0,0,0,0,0,0,0,0,0,0,0,0,0,0,0,0,0,0,0,0,0,0,0,0,0,0,0,0,0,0,0,0,0,0,0,0,0,0,0,0,0,0,0,0,0,0,0,0,0,0,0,0,0,0,0,0,0,0,0,0,0,0,0,0,0,0,0,0,0,0,0,"SRR13891654","H3JC","HBW","C"
"SRR13891661",0.00540286586798215,0.377026074700493,0.213530655391121,0.0131548038524783,0.0469814423302795,0.000939628846605591,0.0246652572233968,0.0549682875264271,0.0251350716466996,0.0234907211651398,0,0.00399342259807376,0.00375851538642236,0.0131548038524783,0,0,0,0,0.00352360817477097,0.0422832980972516,0.00469814423302795,0,0.00728212356119333,0.0281888653981677,0.000704721634954193,0,0.00328870096311957,0,0,0,0.00117453605825699,0.000704721634954193,0,0,0,0.00657740192623914,0.00516795865633075,0.00305379375146817,0,0.00516795865633075,0.00446323702137656,0.00234907211651398,0.00352360817477097,0,0.00164435048155978,0,0,0.00540286586798215,0,0.00493305144467935,0,0.000234907211651398,0,0.00352360817477097,0,0,0.0213765562602772,0,0.00422832980972516,0.00117453605825699,0,0.00328870096311957,0,0.00234907211651398,0,0,0,0,0,0,0.000704721634954193,0,0,0,0.00117453605825699,0,0,0,0,0.00117453605825699,0.00187925769321118,0,0,0,0,0,0,0,0,0,0,0.00446323702137656,0.00234907211651398,0,0,0,0,0,0,0,0,0,0.00211416490486258,0,0,0,0,0,0,0,0,0,0,0,0,0,0,0,0,0,0,0,0,0,0,0,0,0,0,0,0,0,0,0,0,0,0,0,0,0,0,0,0,0,0,0,0,0,0.00164435048155978,0,0,0,0,0,0,0,0,0,0,0,0,0,0,0,0,0,0,0,0,0,0,0,0,0,0,0,0,0,0,0,0,0,0,0,0.00681230913789053,0,0,0,0,0,0,0,0,0,0,0,0,0,0,0,0,0,0,0,0,0,0,0,0,0,0,0,0,0,0,0,0,0,0,0,0,0,0,0,0,0,0,0,0,0,0,0,0,0,0,0,0,0,0,0,0,0,0,0,0,0,0,0,0,0,0,0,0,0,0,0,0,0,0,0,0,0,0,0,0,0,0,0,0,0,0,0,0,0,0,0,0,0,0,0,0,0,0,0,0,0,0,0,0,0,0,0,0,0,0,0,0,0,0,0,0,0,0,0,0,0,0,0,0,0,0,0,0,0,0,0,0,0,0,0,0,0,0,0,0,0,0,0,0,0,0,0,0,0,0,0,0,0,0,0,0,0,0,0,0,0,0,0,0,0,0,0,0,0,0,0,0,0,0,0,0,0,0,0,0,0,0,0,0,0,0,0.000469814423302795,0.000469814423302795,0,0,0,0,0,0,0,0,0,0,0,0,0,0.000234907211651398,0,0,"SRR13891661","L4JC","LBW","C"
"SRR13891663",0.00145278450363196,0.125423728813559,0.187893462469734,0.113317191283293,0.0314769975786925,0.00920096852300242,0.00774818401937046,0.0440677966101695,0.0464891041162228,0.0164648910411622,0.00145278450363196,0.0106537530266344,0.0726392251815981,0.0130750605326877,0.00145278450363196,0.0348668280871671,0.00387409200968523,0.000968523002421308,0,0.0338983050847458,0.00581113801452784,0.036319612590799,0.0101694915254237,0,0.00193704600484262,0,0.00532687651331719,0.00484261501210654,0,0,0.00338983050847458,0.00242130750605327,0.014043583535109,0.00290556900726392,0,0.00435835351089588,0.00242130750605327,0,0.00290556900726392,0,0.00871670702179177,0.00532687651331719,0.0300242130750605,0.00677966101694915,0,0,0,0,0,0,0,0,0,0,0.0062953995157385,0,0.0130750605326877,0,0,0,0.00774818401937046,0,0,0,0,0,0.0116222760290557,0,0,0.00242130750605327,0,0,0.00145278450363196,0,0.00338983050847458,0,0,0,0,0,0,0,0,0,0,0,0,0,0,0.00484261501210654,0,0.000484261501210654,0,0,0,0,0,0,0.0130750605326877,0,0,0,0,0,0,0,0,0,0,0,0,0,0,0,0,0,0,0,0.00338983050847458,0,0,0,0.00145278450363196,0,0,0,0,0,0,0.00387409200968523,0.00435835351089588,0,0,0,0,0,0,0,0,0,0,0,0,0,0,0,0.00484261501210654,0,0,0,0,0,0,0,0,0,0,0,0,0,0,0,0,0,0,0,0,0,0,0,0,0,0,0,0,0,0,0,0,0,0,0,0,0,0,0,0,0,0,0,0,0,0,0,0,0,0,0,0,0,0,0,0,0,0,0,0,0,0,0,0,0,0,0,0,0,0,0,0,0,0,0,0,0,0,0,0,0,0,0,0,0,0,0,0,0,0,0,0,0,0,0.00242130750605327,0,0,0,0,0,0,0,0,0,0,0,0,0,0,0,0,0,0,0,0,0,0,0,0,0,0,0,0,0,0,0,0,0,0,0,0,0,0,0,0,0,0,0,0,0,0,0,0,0,0,0,0,0,0,0,0,0,0,0,0,0,0,0,0,0,0,0,0,0,0.00338983050847458,0.00338983050847458,0,0,0,0,0.00193704600484262,0,0,0,0,0,0,0,0,0,0,0,0,0.00242130750605327,0,0,0,0,0,0,0,0,0,0,0,0,0,0,0,0,0,0,0,0,0,0,0,0,0,0,0,0,0,0,0,0,0,0,0,0,0,0,0,0,0,0,0,0,0,0,0,0,0,0,0,0,0,0,0,0,0,0,"SRR13891663","L2JC","LBW","C"
"SRR13891665",0.0647223780145822,0.173280987100393,0.000403813796971397,0.147571508693214,0.00354458777341559,0.413527762198542,0.00926528323051038,0,0.0304430734716769,0.0100056085249579,0.00183959618620303,0.0021312394840157,0.000605720695457095,0.000448681996634885,0,0.0289399887829501,0.00168255748738082,0.000246775098149187,0.00197420078519349,0.00307347167694896,0.000358945597307908,0.000201906898485698,0.00859226023555805,0.011755468311834,0.000201906898485698,0.00827818283791363,0.00280426247896803,0,0.000942232192933259,0.000201906898485698,0,0,0.000336511497476164,0.014828939988783,0.00446438586651711,0.00089736399326977,0.0207515423443634,0.000942232192933259,0,0.000628154795288839,0,0.00890633763320247,0,0.000695457094784072,0,0,0,0.000785193494111049,0,0,0,0.000942232192933259,0,0.000515984296130118,0.00190689848569826,0.000560852495793606,0.000471116096466629,0.00123387549074593,0,0,0,0.0023331463825014,0.000874929893438026,0.00074032529444756,0,0.000291643297812675,0,0,0,0.00031407739764442,0,0,0,0,0.000381379697139652,0,0.000942232192933259,0.000448681996634885,0,0.000269209197980931,0.000471116096466629,0,0,0.000381379697139652,0,0,0,0,0,0.000673022994952328,0,0,0,0,0,0,0,0.000112170499158721,0,0,0,0.000112170499158721,0,0,0,0,0,0,0,0,0.000134604598990466,0,0,0,0,0,0,0,0.000358945597307908,0,0.000987100392596747,0,0,0,0,0,0,0.000560852495793606,0,0,0,0,0,0,0,0,0.000291643297812675,0.000426247896803141,0,0,0,0,0,0,0.000246775098149187,0,0,0,0,0,0,0,0,0,0,0,0,0,0,0,0.000224340998317443,0,0,0,0.000269209197980931,0,0,0,0,0,0,0,0.00015703869882221,0,0,0,0,0,0,0,0,0,0,0,0,0,0,0,0,0,0,0,0,0,0,0,0,0.000201906898485698,0,0,0,0,0,0,0,0,0,0,0,0,0,0,0,0,0,0,0,0,0,0.000179472798653954,0,0,0,0,4.48681996634885e-05,8.9736399326977e-05,0,0,0,0,0,0,0,0,0,0,0,0,0,0,0,0,0,0,0,0,0,0.000201906898485698,0.000336511497476164,0,0,0,0,0,0,0.000291643297812675,0,0,0,0,0,0,0,0.000269209197980931,0,0,0,0,0,0,0,0,0,0,0,0,0,0,0,0,0,0,0,0,0.00015703869882221,0,0,0,0,0,0,0,0,0.000201906898485698,0,0,0,0,0,0,0,0,0,0,0,0,0,0,0,0,0,0,0,0,0,0,0,0,0,0,0,0,0,0,0,0,0,0,0,0,0,0.000112170499158721,0,0,0,0,0,0,0,0,0,0,0,0,0,0,0,0,0,0,0,0,0,0,0,0,0,0,0,0,0,0,0,0,0,0,0,0,0,0,0,0,0,0,0,0,0,0,0,0,0,0,0,0,0,0,0,0,0,"SRR13891665","H2JC","HBW","C"
"SRR13891627",0.135887096774194,0.0173387096774194,0.575201612903226,0.00161290322580645,0.0354838709677419,0,0.0030241935483871,0.00685483870967742,0.000806451612903226,0.00826612903225806,0.000806451612903226,0,0.00141129032258065,0,0,0,0,0,0,0.0433467741935484,0,0,0.00887096774193548,0.00987903225806452,0,0,0,0,0,0,0.00483870967741936,0.00524193548387097,0,0.00120967741935484,0,0,0,0,0,0,0,0.00141129032258065,0,0,0,0,0.0215725806451613,0.00241935483870968,0,0,0,0,0,0,0,0.00262096774193548,0,0,0,0.102217741935484,0,0,0,0.00100806451612903,0,0,0,0,0,0,0.00100806451612903,0,0,0,0,0,0,0,0,0,0,0,0,0,0,0,0,0,0,0,0,0,0,0,0,0,0,0,0,0,0,0,0,0,0,0,0,0,0,0,0,0,0,0,0,0,0,0,0,0,0,0,0,0,0,0,0,0,0,0,0,0,0,0,0,0,0,0,0,0,0,0,0,0,0,0,0,0,0,0,0,0,0,0,0,0,0,0,0,0,0,0,0,0,0,0,0,0,0,0,0,0,0,0,0.000806451612903226,0,0,0,0,0,0,0,0,0,0.000604838709677419,0,0,0,0,0,0,0,0,0,0,0,0,0,0,0,0,0,0,0,0,0,0,0,0,0,0,0,0.000403225806451613,0.000201612903225806,0,0,0,0,0,0,0,0,0,0,0,0,0,0,0,0,0,0,0,0,0,0,0,0,0,0,0,0,0,0,0,0,0,0,0,0,0,0,0,0,0,0,0,0,0,0,0,0,0,0,0,0,0,0,0,0,0,0,0,0,0,0,0,0,0,0,0,0,0,0,0,0,0,0,0,0,0,0,0,0,0,0.00221774193548387,0,0,0,0,0,0,0.00161290322580645,0,0,0,0,0,0,0,0,0,0,0.00120967741935484,0,0,0,0,0,0,0,0,0,0,0,0,0,0,0,0,0,0,0,0,0,0,0,0,0,0,0,0,0,0,0,0,0,0,0,0,0,0,0,0,0,0,0,0,0,0,0,0,0.000403225806451613,0,0,0,0,0,0,0,0,0,0,0,0.000201612903225806,0,0,0,0,0,0,0,0,0,0,0,0,0,0,"SRR13891627","H10JC","HBW","C"
"SRR13891629",0.0338709677419355,0.0612903225806452,0.474193548387097,0.0580645161290323,0,0.00645161290322581,0,0.0354838709677419,0.00483870967741936,0,0,0.0112903225806452,0.0419354838709677,0,0,0.0225806451612903,0,0.00967741935483871,0,0,0,0,0,0,0,0,0,0,0.0209677419354839,0.0387096774193548,0,0.00645161290322581,0.0129032258064516,0.0145161290322581,0,0,0,0,0,0,0.00967741935483871,0,0.00645161290322581,0.0258064516129032,0,0,0,0,0,0,0,0,0,0,0,0,0.0306451612903226,0,0,0,0,0,0,0,0,0,0,0,0,0,0.0435483870967742,0,0,0,0,0,0,0,0,0,0,0,0,0,0,0,0,0,0,0,0,0.00161290322580645,0,0,0,0,0,0,0,0,0,0,0,0,0,0,0,0,0,0,0,0,0,0,0,0,0,0,0,0,0,0,0,0,0,0,0,0,0,0,0,0,0,0,0,0,0,0,0,0,0,0,0,0,0,0,0.0032258064516129,0,0,0,0,0,0,0.0209677419354839,0,0,0,0,0,0,0,0,0,0,0,0,0,0,0,0,0,0,0,0,0.00483870967741936,0,0,0,0,0,0,0,0,0,0,0,0,0,0,0,0,0,0,0,0,0,0,0,0,0,0,0,0,0,0,0,0,0,0,0,0,0,0,0,0,0,0,0,0,0,0,0,0,0,0,0,0,0,0,0,0,0,0,0,0,0,0,0,0,0,0,0,0,0,0,0,0,0,0,0,0,0,0,0,0,0,0,0,0,0,0,0,0,0,0,0,0,0,0,0,0,0,0,0,0,0,0,0,0,0,0,0,0,0,0,0,0,0,0,0,0,0,0,0,0,0,0,0,0,0,0,0,0,0,0,0,0,0,0,0,0,0,0,0,0,0,0,0,0,0,0,0,0,0,0,0,0,0,0,0,0,0,0,0,0,0,0,0,0,0,0,0,0,0,0,0,0,0,0,0,0,0,0,0,0,0,0,0,0,0,0,0,0,0,0,0,0,0,0,0,0,0,0,0,0,0,0,0,0,0,0,0,0,0,0,0,0,0,0,"SRR13891629","H8JC","HBW","C"
"SRR13891640",0.408484416378081,0.151049093501732,0.0589223874516195,0.00371766143817478,0.00254634345080464,0.012629863515991,0.0186901609289061,0.000458341821144836,0.0218476268079038,0.0071806885312691,0.00249541658178855,0.00331024648604604,0.0331024648604604,0.0676818089223875,0,0.000560195559177022,0.0114076186596048,0.0127317172540232,0.00112039111835404,0.0135974740272968,0.0199633326543084,0.0367691994296191,0.0078936646974944,0.00942147076797718,0.000305561214096557,0.000967610511305765,0.0021389284986759,0.00300468527194948,0.0129863515991037,0.000763903035241393,0,0.000662049297209208,0.00254634345080464,0,0.00244448971277246,0.000763903035241393,0.00106946424933795,0.000458341821144836,0.00458341821144836,0.000967610511305765,0.000407414952128743,0.00758810348339784,0.000254634345080464,0.00122224485638623,0,0.00336117335506213,0,0.000560195559177022,0,0.00183336728457934,0.000203707476064372,0.00208800162965981,0,0.000560195559177022,0.000916683642289672,0.000967610511305765,0.000560195559177022,0.00152780607048279,0.00381951517620697,0.00178244041556325,0.00229170910572418,0.00112039111835404,0.00035648808311265,0.000865756773273579,0,0,0.0014259523324506,0,0,0.00157873293949888,0.000509268690160929,0.00376858830719087,0.000254634345080464,0,0.00106946424933795,0,0,0,0.00106946424933795,0,0.000509268690160929,0,0,0,0,0.00117131798737014,0,0,0.000560195559177022,0,0,0,0.00381951517620697,0.000916683642289672,0,0,0.000560195559177022,0,0.000407414952128743,0,0,0,0,0,0,0,0,0,0,0,0,0.0007129761662253,0.00035648808311265,0,0.000458341821144836,0,0.000305561214096557,0.000916683642289672,0.000509268690160929,0.00117131798737014,0,0,0,0,0,0,0,0,0,0,0.00035648808311265,0.000662049297209208,0.000254634345080464,0,0,0,0,0,0,0,0,0,0,0,0.000865756773273579,0,0,0,0,0,0,0,0,0,0,0,0,0,0,0,0,0,0.000407414952128743,0,0,0,0,5.09268690160929e-05,5.09268690160929e-05,0,0,0,0.000560195559177022,0,0,0,0,0,0,0,0,0,0,0,0,0,0,0,0,0,0,0,0,0,0,0.000509268690160929,0,0,0,0,0,0,0,0,0,0,0,0.000611122428193115,0,0,5.09268690160929e-05,0,0,0,0,0,0,0,0,0,0,0,0,0,0,0,0,0,0,0,0,0,0,0,0,0,0,0,0,0,0,0,0,0,0,0,0,0,0,0,0,0,0.00035648808311265,0.000254634345080464,0,0,0,0,0.000458341821144836,0,0,0,0,0,0,0,0,0,0,0,0,0,0,0,0,0,0,0,0,0,0,0,0,0,0,0,0,0,0,0,0,0.000458341821144836,0,0,0,0,0,0,0,0,0,0,0,0,0,0,0,0,0,0,0,0,0,0,0,0,0,0.000305561214096557,0,0,0,0,0,0,0,0,0,0,0,0,0,0,0,0,0,0,0,0,0,0,0,0,0,0,0,0,0,0,0,0,0,0,0,0,0,0.000152780607048279,0,0,0,0,0,0,0,5.09268690160929e-05,0,0,0,0,0,0,0,0,0,0,0,0,0,0,0,0,0,0,0,0,0,0,0,0,0,"SRR13891640","L3JM","LBW","M"
"SRR13891642",0.084788029925187,0.102027539846037,0.00314431313021793,0.00780657053019625,0.499186815569771,0,0.0094329393906538,0.00173479345115472,0.0010842459069717,0.021684918139434,0,0.0117098557952944,0.000975821316274531,0.00932451479995663,0,0,0.00585492789764719,0,0,0.0391412772416784,0.0124688279301746,0,0.0176732082836387,0.0245039574975604,0,0,0.00140951967906321,0,0.0021684918139434,0,0.000867396725577361,0.00769814593949908,0,0.00206006722324623,0.00379486067440095,0,0.00260219017673208,0.00119267049766887,0,0.00140951967906321,0,0.0252629296324406,0,0,0,0.00336116231161227,0.0235281361812859,0.00455383280928114,0.00639705085113304,0,0,0.00271061476742925,0,0,0,0.000867396725577361,0,0,0,0.0371896346091294,0,0,0,0.000650547544183021,0,0,0.00802341971159059,0,0,0,0.00119267049766887,0,0,0.00032527377209151,0,0.00032527377209151,0.00032527377209151,0,0,0,0,0,0,0,0,0,0,0,0,0,0,0,0.00151794426976038,0,0,0,0,0,0,0.00140951967906321,0.00043369836278868,0,0,0,0.00043369836278868,0,0,0,0,0,0,0,0,0.00032527377209151,0,0,0,0,0,0,0,0,0,0,0,0,0,0,0,0,0,0.000758972134880191,0,0,0,0,0,0,0,0,0,0,0,0,0,0,0,0,0,0,0,0,0,0,0,0,0,0,0.00010842459069717,0.00032527377209151,0,0,0,0,0,0,0,0.00043369836278868,0,0,0,0,0,0,0.00010842459069717,0,0,0,0.000867396725577361,0,0,0,0,0,0,0,0,0,0,0,0,0,0,0,0,0.00043369836278868,0,0,0,0,0,0,0,0,0,0,0,0,0,0,0,0,0,0,0,0,0,0,0,0,0,0,0,0,0,0,0,0,0,0,0,0,0,0,0,0.000975821316274531,0,0,0,0,0,0,0,0,0,0,0,0,0,0,0,0,0,0,0,0,0,0,0.00010842459069717,0,0,0,0,0,0,0,0,0,0,0,0,0,0,0,0,0,0,0,0,0,0,0,0,0,0,0,0,0,0,0,0,0,0,0,0,0,0,0,0,0,0,0,0,0,0,0,0,0,0,0,0,0,0,0,0,0,0,0,0,0,0,0,0,0,0,0,0.00010842459069717,0,0,0,0,0,0,0,0,0,0,0.00010842459069717,0,0,0,0,0,0,0,0,0.00043369836278868,0,0,0,0,0,0,0,0,0,0.00043369836278868,0,0,0,0,0,0,0,0,0,0,0,0,0.00021684918139434,0,0,0,0,0,0,0,0,0,0,0,0,0,0,0,0,0,0,0,"SRR13891642","L1JM","LBW","M"
"SRR13891643",0.0155555555555556,0.153333333333333,0,0.113333333333333,0,0,0.0155555555555556,0,0.00666666666666667,0.00888888888888889,0,0,0.0711111111111111,0,0,0,0,0,0,0.0155555555555556,0,0,0,0,0,0.0133333333333333,0,0,0.0177777777777778,0,0.00888888888888889,0,0,0,0,0,0,0,0,0,0,0,0,0.0422222222222222,0,0,0,0,0,0,0,0,0,0,0,0,0,0,0,0,0.0222222222222222,0,0,0,0,0,0,0,0,0,0.426666666666667,0,0,0,0,0,0,0,0,0,0,0,0,0,0,0,0,0,0,0,0,0.0377777777777778,0,0,0,0,0,0,0,0,0,0,0,0,0.0155555555555556,0,0,0,0,0,0,0,0,0,0,0,0,0,0,0,0,0,0,0,0,0,0,0,0,0,0,0,0,0,0,0,0,0,0,0,0,0,0,0,0,0,0,0,0,0,0,0,0,0,0,0,0,0,0,0,0,0,0,0,0,0,0,0,0,0,0,0,0,0,0,0,0,0,0,0,0,0,0,0,0,0,0,0,0,0,0,0,0,0,0,0,0,0,0,0,0,0,0,0,0,0,0,0,0,0,0,0,0,0,0,0,0,0,0,0,0,0,0,0,0,0,0,0,0,0,0,0,0,0,0,0,0,0,0,0,0,0,0,0,0,0,0,0,0,0,0,0,0,0,0,0,0,0,0,0,0,0,0,0,0,0,0,0,0,0,0,0,0,0,0,0,0,0,0,0,0,0,0,0,0,0,0,0,0,0,0,0,0,0,0,0,0,0,0,0,0,0,0,0,0,0.0155555555555556,0,0,0,0,0,0,0,0,0,0,0,0,0,0,0,0,0,0,0,0,0,0,0,0,0,0,0,0,0,0,0,0,0,0,0,0,0,0,0,0,0,0,0,0,0,0,0,0,0,0,0,0,0,0,0,0,0,0,0,0,0,0,0,0,0,0,0,0,0,0,0,0,0,0,0,0,0,0,0,0,0,0,0,"SRR13891643","H4JC","HBW","C"
"SRR13891647",0.47544624828366,0.222599143849447,0.00080768920119538,0.156772473952023,0.00444229060657459,0.000121153380179307,0.0142960988611582,0,0.0323075680478152,0.00969227041434456,0,0,0,0,0.000646151360956304,0.0229383733139488,0,0,0,0.000323075680478152,0,0.000686535821016073,0.0122768758581698,0.0107422663758986,0.000201922300298845,0.000282691220418383,0.00242306760358614,0,0,0.00157499394233099,0,0.000686535821016073,0,0,0.00415959938615621,0.00218076084322753,0,0,0,0.00145384056215168,0,0,0,0,0,0,0,0,0.000444229060657459,0.00214037638316776,0,0.00133268718197238,0,0.00250383652370568,0.00121153380179307,0,0,0.00226152976334706,0,0,0,0.00294806558436314,0,0,0,0,0,0,0,0,0.000161537840239076,0,8.0768920119538e-05,0,0,0.00104999596155399,0.00109038042161376,0,0.000363460140537921,0,0,0,0,0,0,0,0,0,0,0,0,0,0,0,0,0,0,0,8.0768920119538e-05,8.0768920119538e-05,0,0.000201922300298845,0,0,0,0,0,0,0,0,0,0,0,0,0,0,0,0,0,0,0,0,0,0,0,0,0,0,0,0.000121153380179307,0,0,0,0,0,0.000726920281075842,0.000484613520717228,0,0,0,0,0,0,0,0,0,0,0,0,0,0,0,0,0,0,0,0,0,0,0,0.000323075680478152,0,0,0,0,0,0,0,0,0,0,0,0,0,0,0,0,0,0,0,0,0,0,0.0011711493417333,0,0,0,0,0,0,0.000726920281075842,0,0,0,0,0,0,0.000161537840239076,0,0,0,0,0,0,0,0,0,0.000444229060657459,0.000524997980776997,0,0,0,0,0,0,0,0,0,0,0,0.00080768920119538,0,0,0,0,0,0,0,0,0,0,0,0,0,0.000282691220418383,0,0,0,0,0,0,0,0,0,0,0,0,0,0,0,0,0,0.000484613520717228,0,0,0,0,0,0,0,0,0,0,0,0,0,0,0,0,0,0,0,0,0,0,0,0,0,0,0,0,0,0,0,0,0,0,0,0,0,0,0.000323075680478152,0,0.000161537840239076,0,0,0,0,0,0,0,0,0,0,0,0,0,0,0,0,0,0,0,0,0,0,0,0,0.000242306760358614,0,0,0,0,0,0,0,0,0,0,0,0,0,0,0,0,0,0,0,0,0,0,0,0,0,0,0,0,0,0,0,0,0,0,0,0,0,0,0,0,0,0,0,0,0,0,0,0,0,0,0,0,0,0,0,0,0,0,0,0,0,0,0,0,0,0,0,0,0,0,"SRR13891647","H7JM","HBW","M"
"SRR13891650",0.0413420111834265,0.14501787514896,0.00242918690989092,0.106700889174076,0.00334586121551013,0.187322394353286,0.0113209276743973,0,0.0266752222935191,0.00760839673663947,0.043083692364103,0.0283710697589147,0.00733339444495371,0.0506004216701806,0,0.0147584563204693,0.0245668713905949,0.00545421211843432,0.00861673847282061,0.031441928682739,0.008158401320011,0.00183334861123843,0.00852507104225868,0.00990008250068751,0,0.0166376386469887,0.00068750572921441,0.00100834173618113,0.0155376294802457,0.0145751214593455,0.00201668347236227,0,0.00641672013933449,0.00962508020900174,0.00183334861123843,0.00224585204876707,0.0126042717022642,0.00449170409753415,0.000412503437528646,0.000504170868090567,0,0.0122834356952975,0.00224585204876707,0.0027958566321386,0.00155834631955266,0.00504170868090567,0,0.00673755614630122,0,0.00187918232651939,0,0,0.00229168576404803,0.00114584288202402,0.000916674305619213,0.00155834631955266,0.00068750572921441,0.000733339444495371,0,0,0,0,0.00641672013933449,0.0051333761114676,0.00233751947932899,0.00802090017416812,0.00994591621596847,0,0.0071042258685489,0.0010541754514621,0,0.000458337152809607,0.0083875698964158,0,0.00293335777798148,0.000825006875057292,0,0.0100834173618113,0,0.00068750572921441,0,0,0,0.00100834173618113,0,0.00348336236135301,0.00137501145842882,0,0.000733339444495371,0.00119167659730498,0.00210835090292419,0,0.000916674305619213,0,0.0030250252085434,0,0.000550004583371528,0.000229168576404803,0,0,0,0.000366669722247685,0,0.00068750572921441,0,0,0,0,0,0,0.0027958566321386,0,0,0,0,0,0.000641672013933449,0,0.00068750572921441,0,0,0.00238335319460996,0,0,0,0,0,0.000366669722247685,0,0,0,0.00119167659730498,0.000229168576404803,0,0,0.000458337152809607,0.000229168576404803,0,0,0.000275002291685764,0,0.00192501604180035,0,0,0,0,0,0,0.000595838298652489,0,0,0,0,0,0,0,0,0.000320836006966725,0,0,0.000779173159776331,0.000275002291685764,0,0,0.000412503437528646,0,0,0,0,0,0,0,0.000916674305619213,0,0,0,0,0,0,0,0,0,0,0,0,0,0,0,0,0.000779173159776331,0,0,0,0,0,0.000412503437528646,0,0,0,0,0,0,0,0,0,0,0,0,0,0,0,0,0,0,0,0,0,0,0,0,0,0,0.000412503437528646,0,0,0,0,0,0,0,0,0,0,0,0.000275002291685764,0,0,0,0,0,0,0,0,0,0,0,0.00068750572921441,0,0,0,0,0,0,0,0,0,0,0,0.000137501145842882,0,0,0,0,0,0,0,0,0,0,0.000504170868090567,0,0,0,0,0,0,0,0,0,0,0,0,0,0,0,0,0,0,0,0,0,0,0,0,0,0,0,0,0,0,0,0,0,0,0,0,0,0.000320836006966725,0,0,0,0,0,0,0,0,0,0,0,0,0,0,0,0,0,4.58337152809607e-05,0,0,0,0,0,0,0,0,0,0,0,0,0,0,0,0,0,0,0,0,0,0,0,0,0,0,0,0,0,0,0,0,0,0,0,0,0,0,0,0,0,0,0,0,0,0,0,0,0,0,0,0,0,0,0,0,0,0,0,0,0,0,0,"SRR13891650","H4JM","HBW","M"
"SRR13891652",0.0983401071143693,0.354806852280928,0.000911611653435636,0.00524176700725491,0.172408553956015,0.0102556311011509,0.0161051392106962,0,0.0171686861397045,0.00976184145553994,0.00216507767690964,0.00155733657461921,0.00311467314923842,0.00505184791278915,0.151593421202568,0.00151935275572606,0.00319064078702473,0.000113951456679455,0.000835644015649333,0.0105595016522961,0.00281080259809321,0.00178523948797812,0.0128385307858852,0.0323622136969651,0.000341854370038364,0.000607741102290424,0.00364644661374255,0.000379838188931515,0.00303870551145212,0,0.000569757283397273,0.00106354692900824,0.000835644015649333,0,0.00254491586584115,0.00197515858244388,0.00102556311011509,0.0013294336612603,0,0.00216507767690964,0,0.00201314240133703,0,0,0,0.000341854370038364,0.00395031716488776,0.000949595472328788,0.0110532912979071,0.00144338511793976,0,0.000797660196756182,0,0.000607741102290424,0.0011774983856877,0.000455805826717818,0.000607741102290424,0.000721692558969879,0.00292475405477267,0.00121548220458085,0,0.00155733657461921,0,0,0,0.000417822007824667,0.000341854370038364,0.00186120712576442,0,0.000265886732252061,0.00197515858244388,0,0,0.000265886732252061,0.00148136893683291,0.000911611653435636,0.000531773464504121,0.000189919094465758,0.001253466023474,0,0.000379838188931515,0,0.000113951456679455,0,0,0,0.000227902913358909,0,0.000645724921183576,0.000683708740076727,0,0,0,0,0,0,0.000797660196756182,0.000379838188931515,0.000569757283397273,0.00649523303072891,0,0.000151935275572606,0,0.000645724921183576,0,0,0,0,0,0,0,0,0,0,0,0,0,0,0.00182322330687127,0,0,0,0,0,0,0,0,0.000455805826717818,0,0,0,0,0,0.000797660196756182,0,0.000303870551145212,0.000303870551145212,0.000417822007824667,0,0,0,0.000341854370038364,0,0,0,0,0,0,0,0,0,0,0.000721692558969879,0,0,0,0,0,0.000835644015649333,0,0,0,0,0,0,0,0,0.000645724921183576,0,0,0,0,0,0,0,0,0,0,0,0,0.000531773464504121,0,0,0,0,0,0,0,0,0,0,0,0,0.00098757929122194,0,0,0,0.00049378964561097,0,0,0,0,0.000911611653435636,0,0,0,0,0,0,0,0.000417822007824667,0,0,0,0,0,0,0,0,0.00049378964561097,0,0,0.000455805826717818,0,0,0,0,0,0,0,0,0,0,0,0.000189919094465758,0,0.00075967637786303,0,0,0,0,0.000113951456679455,0,0,0,0,0,0.000227902913358909,0,0,0,0,0,0,0,0,0,0,0,0,0,0.000455805826717818,0,0.000227902913358909,0,0,0,0,0,0,0,0.000417822007824667,0.000417822007824667,0,0,0,0,0,0,0,0,0,0,0,0,0,0.000379838188931515,0,0,0,0,0,0,0.000341854370038364,0,0,0,0.000189919094465758,0,0,0,0,0,0,0,0,0,0,0,0.000265886732252061,0,0,0,0,0,0,0,0,0,0,0,0,0,0,0,3.79838188931515e-05,3.79838188931515e-05,0,0,0,0,0,0,0,0,0,0,0,0,0,0,0,0,0,0,0,0,0.000151935275572606,0,0,0,0,0,0,0,0,0,0.000113951456679455,0,0,0,0,0,3.79838188931515e-05,0,0,0,0,0,0,0,0,0,0,0,0,0,0,0,0,0,0,0,0.000113951456679455,0.000113951456679455,3.79838188931515e-05,0,0,0,"SRR13891652","H2JM","HBW","M"
"SRR13891656",0.943285854890527,0.00629538152983342,0.0011327972664302,0.000854240561570317,0.00956378020018942,5.57113409719772e-05,0.000111422681943954,0,0.000278556704859886,0.00133707218332745,0.000222845363887909,0,0,0,0,0,0,0,0.000111422681943954,0.000482831621757136,0,0.000111422681943954,0.00319411688239336,0.00193132648702854,0,0.000278556704859886,0.000111422681943954,0,0,0,0,0.000334268045831863,0,0,0,0,0,0,0.0034912440342439,0.000185704469906591,0,0,0,0,0,0,0.0195732511281547,0,0.000817099667588999,0,0,5.57113409719772e-05,0,0,0,0,0,0,0,0.00215417185091645,9.28522349532953e-05,0,0,0,0,0,0,0,0,0,0,0,1.85704469906591e-05,0,0,0,0,0,0,0,0,0,0,0,0,0.000167134022915932,0,0,0,0,0,0,0,0,0,0,0,0,0,0,0,0,0,0,0,0,0,0,0,0,0,5.57113409719772e-05,0,0,0,0,0,0,0,0,0,0,0,0.00232130587383238,0,0,0,0,0,0,0,0,0,0,0,0,0,0,0,0,0,0,0,0,0,0,0,0,0,0,0,0,0,0,0,0,0,0,0.000464261174766477,0.000297127151850545,0,0,0,0,0,0,0,0,0,0,0,0,0,0,0,0,0,0,0,0,0,0,0,0,0,0,0,0,0,0,0,0,0,0,0,0,0,0,0,0,0,0,0,0,0,0,0,0,0,0,0.000129993128934613,3.71408939813181e-05,0,0.000408549833794499,0,0,0,0,0,0,0,0,0,0,0,0,0,0,0,0,0,0,0,0,0,0,0,0,0,0,0,0,0,0,0,0,0,0,0,0,0,0,0,0,0,0,0,0,0,0,0,0,0,0,0,0,0,0,0,0,0,0,0,0,0,0,0,0,0,0,0,0,0,0,0,0,0,0,0,0,0,0,0,0,0,0,0,0,0,0,0,0,0,0,0,0,0,0,0,0,0,0,0,0,0,0,0,0,0,0,0,0,0,0,0,0,0,0,0,0,0,0,0,0,0,0,0,0,0,0,0,0,1.85704469906591e-05,0,0,0,0,0,0,0,0,0,0,0,0,0,0,0,0,0,0,0,0,0,0,0,0,0,0,0,0,0,0,0,0,1.85704469906591e-05,0,0,0,0,0,0,0,0,0,0,0,0,0,"SRR13891656","L9JC","LBW","C"
"SRR13891657",0.00327126321087066,0.233014594866633,0.434826371414192,0.00553598389531958,0.0256668344237544,0.0042778057372924,0.0103170608958228,0.00830397584297937,0.0669350780070458,0.0228988424760946,0.00100654252642174,0,0,0.00880724710619024,0,0,0,0.00251635631605435,0,0,0.00452944136889784,0.00805234021137393,0.0130850528434826,0.0266733769501761,0.00100654252642174,0.00226472068444892,0.00377453447408153,0.00176144942123805,0.00452944136889784,0,0,0.00729743331655762,0.00251635631605435,0,0.00251635631605435,0.0042778057372924,0,0.00201308505284348,0,0,0.0105686965274283,0.00276799194765979,0.0359838953195773,0,0,0,0,0,0,0.00327126321087066,0,0.00352289884247609,0,0,0.00251635631605435,0,0.00377453447408153,0,0.00578761952692501,0,0,0,0,0,0,0,0,0,0,0,0.00201308505284348,0,0.00201308505284348,0,0,0.00276799194765979,0,0,0.00201308505284348,0,0,0,0,0,0,0.00150981378963261,0,0,0,0,0,0.000251635631605435,0,0,0,0,0,0,0,0,0,0,0,0,0,0,0,0,0,0,0,0,0,0,0,0,0,0,0,0,0,0,0,0,0,0,0,0,0,0,0,0,0,0,0,0,0,0,0,0,0,0,0,0,0,0,0,0,0.00251635631605435,0,0,0,0,0,0,0,0,0,0,0,0.00100654252642174,0,0,0,0,0,0,0,0,0,0,0,0,0,0,0,0,0,0,0,0,0,0,0,0,0,0,0,0,0,0,0,0,0,0,0,0,0,0,0,0,0,0,0,0,0,0,0,0,0,0,0,0,0,0,0,0,0,0,0,0,0,0,0,0.00125817815802718,0,0,0,0,0,0,0,0,0,0,0,0,0,0,0,0,0,0,0,0.00150981378963261,0,0,0,0,0,0,0,0,0,0,0,0,0,0,0,0,0,0,0,0,0,0,0,0,0,0,0,0,0,0,0,0,0,0,0,0,0,0,0,0.00125817815802718,0,0,0,0.000503271263210871,0,0,0,0,0,0,0,0,0,0,0,0,0,0,0,0,0,0,0,0,0,0,0,0,0,0,0,0,0,0,0,0,0,0,0,0,0,0,0,0,0,0,0,0,0,0,0,0,0,0,0,0,0,0,0,0,0,0,0,0,0,0,0,0,0,0,0,0,0,0,0.000754906894816306,0.000754906894816306,0,0,0,0,0,0,0,0,0,0,0,0,0,0,0,0,0,0,0,0,0,0,0,0,0,0,0,0,"SRR13891657","L8JC","LBW","C"
"SRR13891660",0.0214483139856274,0.0396904367053621,0.605527915975677,0.00298507462686567,0.00995024875621891,0.00066334991708126,0.00464344941956882,0.0584853510226645,0.00718629076838032,0.0025428413488115,0,0,0.0192371475953566,0.00906578220011056,0,0,0.00287451630735213,0.00099502487562189,0.00121614151464898,0.0149253731343284,0.00497512437810945,0.00530679933665008,0.0033167495854063,0.00386954118297402,0.00066334991708126,0,0.00342730790491985,0.00099502487562189,0.0132669983416252,0.0297401879491432,0.00110558319513543,0,0.00132669983416252,0,0.00110558319513543,0,0.00176893311221669,0.000773908236594804,0.000221116639027087,0.000773908236594804,0.0500829187396352,0.00298507462686567,0.00210060807075732,0.00320619126589276,0,0,0,0,0,0,0,0.00187949143173024,0,0,0,0.000773908236594804,0.026644555002764,0.000442233278054174,0.00276395798783858,0,0.00154781647318961,0,0,0.00066334991708126,0,0,0,0,0.00132669983416252,0,0.00597014925373134,0.000884466556108347,0,0,0.000221116639027087,0,0.000442233278054174,0,0.00143725815367606,0,0,0,0,0,0,0,0,0,0,0,0,0,0,0,0,0,0,0,0,0,0,0,0,0,0,0,0,0,0,0,0,0.00210060807075732,0.00121614151464898,0,0,0,0,0,0,0,0,0,0.000442233278054174,0,0,0,0,0,0,0,0,0,0,0,0,0,0,0,0,0,0,0,0,0,0,0,0.00375898286346048,0,0,0,0,0,0,0.00232172470978441,0.00121614151464898,0,0,0,0,0,0,0,0,0,0.00033167495854063,0,0,0,0,0,0,0,0,0,0.000221116639027087,0,0.000552791597567717,0.00342730790491985,0,0,0,0,0,0,0,0,0,0,0,0,0,0.00298507462686567,0,0,0,0,0,0,0,0,0,0,0,0,0.00066334991708126,0,0,0,0,0,0,0,0,0,0,0,0,0,0.00187949143173024,0,0,0,0,0,0,0,0,0,0,0,0,0,0,0,0,0,0,0,0,0,0,0,0,0,0,0,0,0,0,0,0,0,0,0,0,0,0,0,0.000442233278054174,0,0,0,0,0,0,0,0,0,0,0,0,0,0,0,0,0,0,0,0,0,0,0,0,0,0,0,0,0,0,0,0,0,0,0,0,0,0,0,0,0,0,0,0,0,0,0,0,0,0,0,0,0,0,0,0,0,0,0,0,0,0,0,0,0,0,0,0,0,0,0.000552791597567717,0,0,0,0,0,0,0,0,0,0,0,0,0,0,0,0,0,0,0,0,0,0.000442233278054174,0,0,0,0,0,0,0,0,0,0,0,0,0,0,0,0,0,0,0,0,0,0,0,0,0,0,0,0,0,0,0,0,0,0,0,0,0,"SRR13891660","L5JC","LBW","C"
"SRR13891662",0.000812384348061561,0.00586722029155572,0.202735027305141,0,0.000541589565374374,0.00361059710249583,0.000496457101593176,0.00180529855124791,0.000947781739405154,0.000270794782687187,0.000541589565374374,0.00130884144965474,0.154082231349009,0.228144604413955,0,0,0.02486798754344,0.0236945434851289,0.000992914203186352,0.0019858284063727,0.0917542988671752,0.0715349550931985,0,0,0,0.000135397391343593,0,0.0141264611635149,0.0710836304553866,0.000451324637811978,0.000315927246468385,0,0.012998149568985,0,0,0,0.000586722029155572,0,0,0.000225662318905989,0.00135397391343593,0.00794331362549082,0.00338493478358984,0.00686013449474207,0,0.00676986956717967,0,0.000315927246468385,0,0,0.000135397391343593,0,0.000270794782687187,0,0,0,0.000767251884280363,0,0,0.000225662318905989,0.00266281536309067,0,0,0.000315927246468385,0,0,0.00424245159543259,0,0,0.000541589565374374,0.00604775014668051,0.00315927246468385,0,0,0.00275308029065307,0,0,0,0,0.00401678927652661,0,0,0,0,0,0.00464864376946338,0,0,0,0,0.000451324637811978,0.00320440492846504,0.00478404116080697,0.00176016608746671,0,0,0.00157963623234192,0,0.000541589565374374,0,0.00455837884190098,0,0,0.000496457101593176,0,0,0,0.00347519971115223,0,0,0,0,0,0,0,0,0,0.00040619217403078,0,0,0,0,0.00365572956627702,0,0,0,0,0,0,0,0,0,0,0,0,0,0,0,0,0,0,0,0,0,0.000586722029155572,0,0,0,0,0,0,0,0,0,0.00108317913074875,0,0,0,0,0,0,0,0,0,0,0,0,0,0,0,0,0,0,0,0.000135397391343593,0,0,0,0,0,0,0,0,0,0,0,0,0,0,0,0,0,0,0,0,0.000135397391343593,0,0,0,0,0,0,0,0,0,0,0,0,0,0,0,0,0,0,0,0,0,0,0,0,0,0,0,0,0,0,0,0,0,0,0,0,0,0,0,0,0,0,0,0,0,0,0,0,0,0,0,0,0,0,0,0,0,0,0,0,0,0,0,0,0,0,0.000676986956717967,0,0,0,0,0,0,0,0,0,0,0,0,0,0,0,0,0,0,0,0,0,0,0,0,0,0,0,0,0,0,0,0,0,0,0,0,0,0,0,4.51324637811978e-05,0,0,0,0,0,0,0,0,0,0,0,0,0,0,0,0,0,0,0,0,0,0,0,0,0,0,0,0,0,0,0,0,0,0,0,0,0,0,0,0,0,0,0,0,0,0,0,0,0,0,0,0,0,0,0,0,0,0,0,0,0,0,0,0,0,0,0,0,0,0,0,0,0,0,0,0,0,0,0,0,0,0,0,0,4.51324637811978e-05,4.51324637811978e-05,"SRR13891662","L3JC","LBW","C"
"SRR13891666",0.00507462686567164,0.165671641791045,0.314328358208955,0.142089552238806,0.0137313432835821,0.00537313432835821,0.013134328358209,0.00537313432835821,0.0274626865671642,0.00746268656716418,0,0,0.0319402985074627,0.0161194029850746,0.0170149253731343,0.028955223880597,0.00686567164179105,0.0208955223880597,0,0,0,0.0238805970149254,0.00686567164179105,0.00776119402985075,0.00119402985074627,0.0026865671641791,0.00388059701492537,0.00656716417910448,0.0149253731343284,0,0,0.00447761194029851,0.0107462686567164,0,0.0026865671641791,0,0.00149253731343284,0,0,0,0.0122388059701493,0.0017910447761194,0.00477611940298507,0.0191044776119403,0,0.00477611940298507,0,0,0,0,0,0.00149253731343284,0,0,0,0,0.00895522388059702,0.000895522388059702,0,0,0.0152238805970149,0,0,0,0,0,0,0,0.0017910447761194,0,0.000597014925373134,0.0017910447761194,0,0,0.00298507462686567,0.000597014925373134,0.000895522388059702,0,0,0,0,0,0,0,0,0,0,0,0.000895522388059702,0,0,0,0,0.00119402985074627,0,0,0,0.00119402985074627,0,0,0,0,0,0,0,0,0,0,0,0,0,0,0,0,0,0,0,0,0,0,0,0,0.000895522388059702,0,0,0,0,0.000895522388059702,0,0,0,0,0,0,0,0,0,0,0,0,0,0,0,0,0,0,0,0,0,0,0,0,0,0,0.00328358208955224,0,0,0,0,0,0,0,0,0,0,0,0,0,0,0,0,0,0,0,0.00238805970149254,0,0,0,0,0,0,0,0,0,0,0,0,0,0,0,0,0,0,0,0,0,0,0,0,0,0,0,0,0,0,0.00119402985074627,0,0,0,0,0,0,0,0,0,0,0,0,0,0,0,0,0,0,0,0.00149253731343284,0,0,0,0,0,0,0,0,0,0,0,0,0,0,0,0,0,0,0,0,0,0,0,0,0,0,0,0,0,0,0,0,0,0,0,0,0,0,0,0,0,0,0,0,0,0,0,0,0,0,0,0,0,0,0,0,0,0,0,0,0,0,0,0,0,0,0,0,0,0,0,0,0,0,0,0,0,0,0,0,0,0,0,0,0,0,0,0,0,0,0,0,0,0,0,0,0,0,0,0,0,0,0,0,0,0,0,0,0,0,0,0,0,0,0,0,0,0,0,0,0,0,0,0,0,0,0,0,0,0,0,0,0,0,0,0,0,0,0,0,0,0,0,0,0,0,0,0,0,0,0,0,0,0,0,0,0,0,0,0,0,0,0,"SRR13891666","H1JC","HBW","C"
"SRR13891630",0.00773993808049536,0.113777089783282,0.259287925696594,0.104489164086687,0.00386996904024768,0,0.010061919504644,0.0131578947368421,0.00696594427244582,0.010061919504644,0,0,0.0696594427244582,0,0,0.0131578947368421,0.00773993808049536,0.0147058823529412,0,0,0,0.0232198142414861,0,0,0,0,0,0.00464396284829721,0.00619195046439629,0.00541795665634675,0.0162538699690402,0,0.00541795665634675,0,0,0,0,0,0,0,0.0131578947368421,0,0,0.0371517027863777,0,0,0,0,0,0,0,0,0,0,0,0,0.164086687306502,0,0,0,0.00541795665634675,0,0,0,0,0,0,0,0,0,0.0309597523219814,0,0.00232198142414861,0,0,0,0,0,0,0,0,0,0,0,0,0,0,0,0,0,0,0,0,0,0,0,0,0,0.0239938080495356,0,0,0,0,0,0,0,0,0,0,0,0,0,0,0,0,0,0,0,0,0,0,0,0,0,0,0,0,0,0,0,0,0,0,0,0,0,0,0,0,0,0,0,0,0,0,0,0,0,0,0,0,0,0,0,0,0,0,0,0,0,0,0,0,0,0,0,0,0,0,0,0,0,0,0,0.0123839009287926,0,0.0139318885448916,0,0,0,0,0,0,0,0,0,0,0,0,0,0,0,0,0,0,0,0,0,0,0,0,0,0,0,0,0,0,0,0,0,0,0,0.000773993808049536,0,0,0,0,0,0,0,0,0,0,0,0,0,0,0,0,0,0,0,0,0,0,0,0,0,0,0,0,0,0,0,0,0,0,0,0,0,0,0,0,0,0,0,0,0,0,0,0,0,0,0,0,0,0,0,0,0,0,0,0,0,0,0,0,0,0,0,0,0,0,0,0,0,0,0,0,0,0,0,0,0,0,0,0,0,0,0,0,0,0,0,0,0,0,0,0,0,0,0,0,0,0,0,0,0,0,0,0,0,0,0,0,0,0,0,0,0,0,0,0,0,0,0,0,0,0,0,0,0,0,0,0,0,0,0,0,0,0,0,0,0,0,0,0,0,0,0,0,0,0,0,0,0,0,0,0,0,0,0,0,0,0,0,0,0,0,0,0,0,0,0,0,0,0,0,0,"SRR13891630","H7JC","HBW","C"
"SRR13891631",0.685403445149592,0.0925758033645613,0.00624559282764179,0.0017125012591921,0.0258889896242571,0.0191397199556764,0.00705147577314395,0,0.000906618313689937,0.00201470736375541,0.0302206104563312,0,0.0034250025183842,0.00423088546388637,0.000100735368187771,0.000302206104563312,0.0017125012591921,0.000705147577314395,0.00443235620026191,0.00604412209126624,0,0.00282059030925758,0.00100735368187771,0.0153117759645411,0,0,0.00100735368187771,0,0.00151103052281656,0,0.00100735368187771,0.0034250025183842,0,0,0,0,0.00261911957288204,0,0,0.000302206104563312,0,0.000705147577314395,0,0.00110808905006548,0,0,0.019341190692052,0.00191397199556764,0.00211544273194319,0,0,0.00161176589100433,0,0,0,0.00181323662737987,0.000906618313689937,0,0.00211544273194319,0,0.000302206104563312,0,0,0.000805882945502166,0.00261911957288204,0.000503676840938854,0,0,0.00443235620026191,0.00372720862294752,0.0217588395285585,0,0,0,0,0.000302206104563312,0,0,0,0,0,0,0,0,0,0,0,0,0.000503676840938854,0,0,0.000503676840938854,0,0,0,0,0,0,0,0,0,0,0,0.000604412209126624,0,0,0,0,0,0,0.00141029515462879,0,0,0,0,0,0,0,0,0,0,0.00161176589100433,0,0,0,0,0,0,0,0,0,0,0,0,0.0034250025183842,0,0,0,0,0,0,0,0,0,0,0,0.00191397199556764,0,0.000402941472751083,0,0,0,0,0.000201470736375541,0,0,0,0.000402941472751083,0,0,0,0,0,0,0,0,0,0,0,0,0,0,0,0,0.000604412209126624,0,0,0,0,0,0,0,0,0,0,0,0,0,0,0,0,0,0,0,0,0,0,0,0,0,0,0,0,0,0,0,0,0,0,0,0,0,0,0,0,0,0,0,0,0,0,0,0,0,0,0,0,0,0,0,0,0,0,0,0,0,0,0,0,0,0,0,0,0,0,0,0,0,0,0,0,0,0,0,0,0,0,0,0,0,0,0,0,0,0,0,0,0,0,0,0,0,0,0,0,0,0,0,0,0,0,0,0,0,0,0,0,0,0,0,0,0,0,0,0,0,0,0,0,0,0,0,0.00100735368187771,0,0,0,0,0,0,0,0,0,0,0,0,0,0,0,0,0,0,0,0,0,0,0,0,0,0,0,0,0,0,0,0,0,0,0,0,0,0,0,0,0,0,0,0,0,0,0,0,0,0,0,0,0,0,0,0,0,0,0,0,0.000201470736375541,0,0,0,0,0,0,0,0,0,0,0,0,0,0,0,0,0,0,0,0,0,0,0,0,0,"SRR13891631","H6JC","HBW","C"
"SRR13891636",0.127341265166686,0.00465308045706208,0.557486158558134,0,0.0824007539168335,0.00141359406290494,0.00223819059959948,0,0.000235599010484156,0.00141359406290494,0.00282718812580987,0.000765696784073507,0.0507126870067146,0.0140181411238073,0,0,0.00206149134173636,0.00194369183649429,0.00141359406290494,0.0232654022853104,0.000765696784073507,0.0129579455766286,0.00265048886794675,0.0037695841677465,0,0,0,0.000530097773589351,0.0131346448344917,0.000530097773589351,0.000471198020968312,0.00100129579455766,0.00200259158911533,0,0,0,0.000235599010484156,0,0,0.000294498763105195,0,0.00565437625161974,0,0.00206149134173636,0,0.00111909529979974,0.0263870891742255,0.000471198020968312,0,0,0,0.000765696784073507,0,0,0,0.00058899752621039,0,0,0.000647897278831429,0.000471198020968312,0.0010601955471787,0,0.000176699257863117,0.000294498763105195,0,0,0.00488867946754624,0,0,0,0.0193191188597008,0.00318058664153611,0,0,0.00100129579455766,0,0,0.000294498763105195,0,0.000471198020968312,0,0,0,0,0,0.000765696784073507,0,0,0,0,0,0.00854046413005065,0.000530097773589351,0,0,0,0,0,0,0.00188479208387325,0.00229709035222052,0,0,0.000765696784073507,0,0,0,0,0,0,0,0,0,0,0.000530097773589351,0,0,0,0,0,0,0,0.000883496289315585,0,0,0,0,0,0,0,0,0,0,0,0,0,0,0,0,0,0,0,0,0,0,0,0,0,0,0,0,0,0,0,0,0,0,0,0,0.00111909529979974,0,0,0,0,0,0,0,0,0,0,0,0,0,0,0,0,0,0,5.8899752621039e-05,0,0,0,0,0,0,0,0,0,0,0,0,0,0,0,0,0,0,0,0,0,0,0,0,0,0,5.8899752621039e-05,0,0,0,0,0.000412298268347273,0,0,0,0,0,0,0,0,0,0,0,0,0,0,0.000353398515726234,0,0,0,0,0,0,0,0,0,0,0,0,0,0,0,0,0,0,0,0,0,0,0,0,0,0,0,0,0,0,0,0,0,0,0,0,0,0,0,0,0,0,0,0,0,0,0,0,0,0,0,0,0,0,0,0,0,0,0,0,0,0,0,0,0,0,0,0,0,0,0,0,0,0,0,0,0,0,0,0,0,0,0,0,0,0,0,0,0,0,0,0,0,0,0,0,0,0,0,0,0,0,0,0,0,0,0,0.000294498763105195,0,0,0,0,0,0,0,0,5.8899752621039e-05,0,0,0,0,0,0,0,0,0,0,0,0,0,0,0,0,0,0,0,0,5.8899752621039e-05,0,0,0,0,0,0,0,0,0,0,0,0,0,0,0,0,0,0,0,0,0,0,0,0,0,"SRR13891636","L7JM","LBW","M"
"SRR13891637",0.110786124794745,0.4685960591133,0,0.00836412151067324,0.00774835796387521,0.00277093596059113,0.0561371100164204,0,0.0603448275862069,0.0164203612479475,0.0027196223316913,0.00194991789819376,0,0.00369458128078818,0,0.00148809523809524,0,0,0,0.00061576354679803,0.00102627257799672,0.000769704433497537,0.0218596059113301,0.0175492610837438,0.0732758620689655,0.00179597701149425,0.00636288998357964,0,0.000307881773399015,0.000821018062397373,0.000410509031198686,0.00364326765188834,0.0212951559934319,0,0.00810755336617406,0.00508004926108374,0.00256568144499179,0,0.0190373563218391,0.00133415435139573,0,0,0,0.00251436781609195,0.000359195402298851,0.000718390804597701,0,0.000769704433497537,0,0.00405377668308703,0,0.00620894909688013,0,0.00169334975369458,0.00128284072249589,0,0.000461822660098522,0.0028735632183908,0.0130849753694581,0.000359195402298851,0,0,0,0.00097495894909688,0,0.000718390804597701,0,0,0,0.000359195402298851,0,0,0.00159072249589491,0,0.000923645320197044,0.000513136288998358,0,0.000821018062397373,0,0,0.00179597701149425,0,0,0,0,0.0027196223316913,0,0,0.00097495894909688,0,0,0,0,0,0,0,0,0.00061576354679803,0,0,0,0.000307881773399015,0.00236042692939245,0,0,0,0,0,0,0,5.13136288998358e-05,0,0.000307881773399015,0.000307881773399015,0,0,0,0,0.000923645320197044,0,0.000513136288998358,0,0,0,0,0,0,0,0,0.00323275862068966,0,0,0,0,0,0.00118021346469622,0.00107758620689655,0,0.00112889983579639,0,0.00266830870279146,0,0,0,0,0,0,0.00246305418719212,0,0,0,0,0.000256568144499179,0,0.000410509031198686,0,0,0,0,0,0,0.00194991789819376,0,0,0,0,0,0,0,0,0,0,0,0,0,0,0,0,0,0,0,0,0,0,0,0,0,0,0,0,0,0,0,0,0,0,0,0,0,0,0,0,0,0,0,0,0,0,0,0,0,0,0,0,0,0,0,0,0,0,0,0,0,0,0,0,0.00097495894909688,0,0,0,0,0,0.00123152709359606,0,0,0,0,0,0,0,0,0.00118021346469622,0,0,0.000256568144499179,0,0,0,0,0,0.000718390804597701,0,0.00241174055829228,0,0,0,0,0,0.00061576354679803,0,0,0,0,0,0,0,0,0,0,0,0,0,0,0,0,0,0,0,0,0,0,0,0,0,0,0,0,0,0,0,0,0,0,0,0,0,0,0,0,0,0,0,0,0,0,0,0,0,0,0,0,0,0,0,0,0,0,0,0,0,0,0,0,0,0,0,0,0,0,0,0,0,0,0,0,0,0,0,0,0,0,0.000205254515599343,0,0,0,0,0,0,0,0,0,0,0,0,0,0,0,0,0,0,0,0,0,0,0,0,0,0,0,0,0,0,0,0,0,0,0,0,0,0,0,0,0,0,0,0,0,0,0,"SRR13891637","L6JM","LBW","M"
"SRR13891639",0.0913744958113559,0.196090598820974,0.00527458889233633,0.00620539869686627,0.00915296307787775,0.169097114489606,0.0114799875892026,0.00263729444616817,0.0566242631089047,0.0164443065466956,0.00418864412038473,0.0414210363015824,0.015358361774744,0.0319578032888613,0,0.00325783431585479,0.00341296928327645,0.00201675457648154,0.00884269314303444,0.032112938256283,0.00822215327334781,0.00356810425069811,0.0229599751784052,0.0125659323611542,0.00558485882717965,0.0105491777846727,0.00325783431585479,0,0.0172199813838039,0.00263729444616817,0.00139621470679491,0.00356810425069811,0.00558485882717965,0.00667080359913124,0.00651566863170959,0.00294756438101148,0.0192367359602854,0.00651566863170959,0.000620539869686627,0.000775674837108284,0.00155134967421657,0.0190816009928638,0.000620539869686627,0,0.00248215947874651,0.00279242941358982,0,0.00248215947874651,0,0.00480918399007136,0,0.00713620850139622,0.00170648464163823,0.00558485882717965,0.00139621470679491,0.00434377908780639,0.00170648464163823,0.00201675457648154,0.00387837418554142,0,0,0,0.0198572758299721,0.0068259385665529,0,0.00170648464163823,0.0021718895439032,0,0,0.00139621470679491,0.000465404902264971,0.000775674837108284,0.00589512876202296,0,0.00139621470679491,0,0.0010859447719516,0.010394042817251,0,0,0.000620539869686627,0,0,0,0,0.00201675457648154,0,0,0.00248215947874651,0.00124107973937325,0.00170648464163823,0,0,0,0.0010859447719516,0,0.000620539869686627,0,0,0,0,0,0.00186161960905988,0,0,0,0,0,0,0,0.00186161960905988,0,0,0.000775674837108284,0,0,0,0.00170648464163823,0.00170648464163823,0,0,0,0,0,0,0,0,0.000775674837108284,0,0,0,0,0,0,0,0,0,0.00511945392491468,0,0.00186161960905988,0,0,0,0,0,0,0,0,0.000465404902264971,0,0,0.00124107973937325,0,0,0,0,0,0,0,0,0,0,0,0,0,0.00170648464163823,0,0,0,0,0,0,0,0,0,0,0,0,0,0,0,0,0,0,0,0,0,0,0,0.000620539869686627,0,0,0,0,0,0,0,0,0,0,0,0,0,0,0,0,0,0,0,0,0.000155134967421657,0,0,0,0,0,0,0,0,0,0,0,0.000775674837108284,0,0,0,0,0,0,0,0,0,0,0,0,0,0.000465404902264971,0,0,0,0,0,0,0,0,0,0,0,0,0,0,0,0.0010859447719516,0,0,0.000930809804529941,0,0,0.00124107973937325,0,0,0,0,0,0,0,0,0,0,0,0,0,0,0,0,0,0,0,0.000620539869686627,0,0,0,0,0,0,0,0,0,0,0,0,0,0,0,0,0,0,0,0,0,0,0,0,0.0010859447719516,0,0,0,0,0,0,0,0,0,0,0,0,0.000930809804529941,0,0,0,0,0,0,0,0,0,0,0,0,0,0,0,0,0,0,0,0,0,0,0,0,0,0,0,0.000620539869686627,0,0,0,0,0,0,0,0,0.000465404902264971,0.000465404902264971,0,0,0,0,0,0,0,0,0,0,0,0,0.000310269934843314,0,0,0,0,0,0,0,0,0,0,0,0,0.000310269934843314,0.000155134967421657,0,0,0,0,0,0,0,"SRR13891639","L4JM","LBW","M"
"SRR13891649",0.941614099796718,0.0276630970094516,0.00938868746987447,0.000984973908669866,0.00125741350042962,0.000461051616824193,0.001089758367039,0,0.000461051616824193,0.000419137833476539,6.28706750214808e-05,0,0.000964017016996039,0.00127837039210344,8.38275666953078e-05,0,0,6.28706750214808e-05,0.000125741350042962,0.000880189450300731,0.000167655133390616,0.000880189450300731,0.000314353375107404,0.00129932728377727,0,0.000335310266781231,0.000356267158455058,0,0,0,0.00111071525871283,0.000523922291845673,0.000209568916738269,0,0,0.000146698241716789,0,0,0,0.000314353375107404,0,0.000167655133390616,0,0.000293396483433577,0,0,0.000817318775279251,0.000209568916738269,0,0,0,0,0,0,0,0,0,0,0.000167655133390616,0,0,0,0,0,0,0,0,0,0,0.000104784458369135,0.00104784458369135,0,0,0,0,0,0,0,0,0,8.38275666953078e-05,0,0,0,0,0.000104784458369135,0,0,0,0,0,0,0.000125741350042962,0,0,0,0.000167655133390616,0,0,0.00134124106712492,0,0,0.000167655133390616,0,0.00196994781733973,0,0,0,0,0,0,0,0,0,0,0,0,0,0,0,0,0,0,0,0,0,0,0,0,0,0,0,0,0,0,0,0,0,0,0,0,0,0,0,0,0,0,0,0,0,0,0,0,0,0,0,0,0,0.000356267158455058,0.000209568916738269,0,0,0,0,0,0,0,0,0,0,0,0,0,0,0,0,0,0,0,0,0,0,0,0,0.000104784458369135,0,0,0,0,0,0,0,0,0,0,0,0,0,0,0,0,0,0,0,0,0,0,0,0,0,0,0,0,0,0,0,0,0,0,0,0,0,0,0,0,0,0,0,0,0,0,0,0,0,0,0,4.19137833476539e-05,0,0,0,0,0,0,0,0,0,0,0,0,0,0,0,0,0,0,0,0,0,0,0,0,0,0,0,0,0,0,0,0,0,0,0,0,0,0,0,0,0,0,0,0,0,0,0,0,0,0,0,0,0,0,0,0,0,0,0,0,0,0,0,0,0,0,0,0,0,0,0,0,0,0,0,0,0,0,0,0,0,0,0,0,0,0,0,0,0,0,0,0,0,0,0,0,0,0,0,0,0,0,0,0,0,0,0,0,0,0,0,0,0,0,0,0,0,0,0,0,0,0,0,0,0,0,2.09568916738269e-05,0,0,0,0,0,0,4.19137833476539e-05,0,0,0,0,0,0,0,0,0,0,0,0,0,0,0,0,0,0,"SRR13891649","H5JM","HBW","M"
"SRR13891653",0.0021847355037427,0.349092081229182,0.0041187636545969,0.250958060241395,0.00204147415923498,0.0162959779377529,0.0311951577665556,0,0.0402206224705419,0.0140396117617564,0.00479925504100856,0.0012177214283156,0.00164750546183876,0.00530066974678557,0,0.0839869632176498,0.000179076680634648,0,0.00214892016761577,0.0204505569284768,0.00100282941155403,0.00136098277282332,0.0151498871816912,0.0195909888614305,0.000286522689015436,0.0425128039826654,0.00845241932595537,0.000250707352888507,0.00207728949536191,0.000573045378030873,0.000931198739300168,0,0.000931198739300168,0,0.00902546470398625,0.00114609075606175,0.000537230041903943,0.000179076680634648,0.000429784033523155,0.00100282941155403,0,0.0019340281508542,0.000214892016761577,0,0.000573045378030873,0.000358153361269296,0,0.000465599369650084,0,0.00304430357078901,0,0.000931198739300168,0.00118190609218868,0.00261451953726586,0.00322338025142366,0.000644676050284732,0.000716306722538591,0.00189821281472727,0,0,0.0012177214283156,0.00103864474768096,0.000179076680634648,0.00114609075606175,0,0.000644676050284732,0,0.00311593424304287,0,0.00576626911643566,0,0,0,0.000680491386411661,0,0.000143261344507718,0,0.000537230041903943,0.000716306722538591,0.000214892016761577,0.000895383403173239,0,0,7.16306722538591e-05,0,0,0,0,0.000465599369650084,0.000393968697396225,0,0,0,0,0,0,0,0.000429784033523155,0,0,0,0.00103864474768096,0.0012177214283156,0,0,0,0,0,0,0,0.000967014075427098,0,0.000322338025142366,0,0,0.000608860714157802,0,0,0.00279359621790051,0,0.00143261344507718,0.000143261344507718,7.16306722538591e-05,0,0,0,0,0,0,0,0.000573045378030873,0,0,0,0,0,0.000573045378030873,0.000716306722538591,0,0,0,0,0,0.00182658214247341,0,0,0,0,0,0,0,0,0,0,0,0,0,0,0,0,0,0,0.00136098277282332,0,0,0,0,0,0,0,0,0,7.16306722538591e-05,0.00118190609218868,0,0,0,0,0,0.000895383403173239,0,0,0,0,0,0,0,0,0.00182658214247341,0.000967014075427098,0.000967014075427098,0,0,0,0,0,0,0.000322338025142366,0,0,0,0,0,0.000859568067046309,0.000859568067046309,0.000931198739300168,0,0,0,0,0,0.00082375273091938,0,0,0,0,0,0,0,0,0,0.000716306722538591,0.000716306722538591,0,0,0,0,0,0,0.000680491386411661,0.000680491386411661,0,0,0,0.000501414705777014,0,0,0,0,0.000608860714157802,0,0.000107446008380789,0,0.000286522689015436,0,0,0,0,0,0,0,0,0,0,0.000465599369650084,0,0,0,0,0,0,0.000214892016761577,0,0,0,0,0,0,0,0,0,0,0,0,0,0,0,0,0,0,0,0,0,0,0,0,0,0,0,0,0,0,0,0,0,0,0,0,0,0,0,0.000286522689015436,0,0,0,0,0,0,0,0,0,0,0,0,0,0,0,0,0,0,0,0,0,0,0,0,0,0.000179076680634648,0.000179076680634648,0,0,0,0,0,0,0,0,0,0,0,0,0,0,0,0,0,0,0,0.000143261344507718,0,0,0,0,0,0,0,0,0,0.000107446008380789,0,0,0,0,0,0,0,0,0,0,0,0,0,0,0,0,0,0,0,0,0,0,0,0,0,0,0,0,0,0,"SRR13891653","H1JM","HBW","M"
"SRR13891655",0.00836943678613627,0.0474596297755022,0.0629184718393068,0.00108310358408822,0.00206774320598661,0.0651831429696731,0.00443087829854273,0.391492713666798,0.00590783773139031,0.00246159905474596,0.107325718786924,0.01220953131154,0.0237298148877511,0.0229421031902324,0,0.0025600630169358,0.0156557699881843,0.0148680582906656,0.0177235131941709,0.015261914139425,0.00728633320204805,0.00580937376920047,0.00226467113036629,0.00216620716817645,0,0.00423395037416306,0,0.00482473414730209,0.00876329263489563,0.00708940527766837,0,0.000492319810949193,0.00295391886569516,0.00236313509255612,0,0.000787711697518708,0.00285545490350532,0.000886175659708547,0.00177235131941709,0.000787711697518708,0.00147695943284758,0.0038400945254037,0.00236313509255612,0.00462780622292241,0.0182158330051201,0.0025600630169358,0,0.00423395037416306,0,0,0,0,0.0107325718786924,0,0,0.00728633320204805,0.00403702244978338,0.00068924773532887,0.000984639621898385,0,0.00177235131941709,0,0.00167388735722725,0.000590783773139031,0.00305238282788499,0.00423395037416306,0,0,0.00108310358408822,0,0.00167388735722725,0,0.00600630169358015,0,0.00324931075226467,0.000492319810949193,0,0.00157542339503742,0,0,0,0,0,0.00393855848759354,0,0,0,0,0,0.00315084679007483,0.00216620716817645,0.000196927924379677,0.000590783773139031,0.000984639621898385,0.00265852697912564,0,0.00196927924379677,0,0,0,0.00108310358408822,0,0,0.000984639621898385,0,0,0,0,0.00206774320598661,0,0.00206774320598661,0.000984639621898385,0,0,0.00108310358408822,0,0,0,0,0,0,0,0,0,0,0,0,0,0,0,0,0,0,0,0,0,0,0,0,0,0,0.000886175659708547,0,0,0,0,0,0,0,0,0,0,0,0,0,0,0,0,0,0,0,0,0,0.00068924773532887,0.000886175659708547,0,0,0,0,0,0,0,0.000886175659708547,0,0.00216620716817645,0,0,0,0,0.000295391886569516,0,0,0,0,0,0,0,0,0.00108310358408822,0,0,0,0,0,0,0,0,0,0,0,0,0,0,0,0,0.000886175659708547,0,0,0,0,0,0,0.00216620716817645,0,0,0,0,0,0,0,0,0,0,0,0,0,0,0,0,0,0,0,0,0,0,0,0,0,0,0,0,0,0,0,0,0,0,0,0,0,0,0,0,0,0,0,0,0,0,0,0,0,0,0,0,0,0,0,0,0,0,0,0,0,0.000196927924379677,0,0,0,0,0,0,0,0,0,0,0,0,0,0,0,0,0,0,0,0,0,0,0,0,0,0,0,0,0,0,0,0,0,0,0,0,0,0,0,0,0,0,0,0,0,0,0,0,0,0,0,0,0,0,0,0,0,0,0,0,0,0,0,0,0,0,0,0,0,0,0,0,0,0,0.000393855848759354,0,0,0,0,0,0,0,0,0,0,0,0,0,9.84639621898385e-05,0,0,0,0,0,0,0,0,0,0,0,0,0,0,0,0,0,0,0,0,0,0,0,0,0,"SRR13891655","L10JC","LBW","C"
"SRR13891658",0.00393032603841,0.381062974542206,0.216078606520768,0.0398392139347923,0.0130415364001787,0.00857525681107637,0.0143814202769093,0.0139347923179991,0.116927199642698,0.031353282715498,0.000982581509602501,0.00598481464939705,0,0.00812862885216615,0,0.00151853506029477,0.00223313979455114,0,0.000535953550692273,0.00187583742742296,0.00259044216167932,0.00125055828494864,0.0174184903974989,0.0122376060741402,0,0.000357302367128182,0.0080393032603841,0,0.00401965163019205,0,0.00598481464939705,0.00339437248771773,0.00214381420276909,0.00080393032603841,0.00643144260830728,0.00384100044662796,0.000714604734256364,0,0.000535953550692273,0.00571683787405092,0.00616346583296114,0.00080393032603841,0.00214381420276909,0,0,0,0,0,0.00151853506029477,0.00455560518088432,0,0.000982581509602501,0,0.00303707012058955,0.00473425636444841,0,0.00437695399732023,0.00125055828494864,0.00643144260830728,0,0,0.0041089772219741,0.000893255917820456,0.000535953550692273,0,0,0,0,0,0,0.00205448861098705,0,0,0,0.000535953550692273,0,0.000535953550692273,0,0.00133988387673068,0,0.000714604734256364,0,0,0,0,0,0,0,0.000357302367128182,0.00116123269316659,0.000535953550692273,0.00259044216167932,0,0,0,0,0.00080393032603841,0,0.00125055828494864,0.000893255917820456,0,0,0,0,0,0,0,0,0,0,0,0,0.000535953550692273,0,0,0,0,0,0,0,0,0,0,0,0,0,0,0,0,0,0,0,0,0,0,0,0,0,0,0.000446627958910228,0,0,0,0,0,0,0,0,0,0,0,0,0,0,0,0,0,0,0,0,0,0,0,0,0,0,0,0,0,0,0,0,0,0,0.000535953550692273,0,0.000446627958910228,0,0,0.000446627958910228,0,0,0,0,0,0,0,0,0.000535953550692273,0,0.000357302367128182,0,0,0,0,0,0,0,0.00223313979455114,0,0,0,0,0,0.000357302367128182,0,0,0,0,0,0.000535953550692273,0,0,0,0,0,0,0,0,0,0,0,0,0,0,0,0,0,0,0,0,0,0,0,0,0,0,0,0,0,0,0,0,0,0.000357302367128182,0,0,0,0.000446627958910228,0,0,0,0.000267976775346137,0,0,0.000535953550692273,0,0,0,0,0,0,0,0,0,0,0,0,0,0,0,0,0,0,0,0,0,0,0.000446627958910228,0,0,0,0,0,0,0,0,0,0,0,0,0,0,0,0,0,0,0,0,0,0,0,0,0,0,0,0,0,0,0,0.000625279142474319,0,0,0,0,0,0,0,0,0.000446627958910228,0,0,0,0,0,0,0,0,0,0,0,0,0,0,0,0,0,0,0,0,0,0,0,0,0,0,0,0,0,0,0,0,0,0,0,0,0,0,0,0,0,0.000267976775346137,0,0,0,0,0,0,0,0,0,0,0,0,0,0,0,0,0,0,0,0,0,0,0,0,0,0,0,"SRR13891658","L7JC","LBW","C"
"SRR13891659",0.0357181050155064,0.41150679071757,0.166399315581221,0.00684418778740242,0.00609560474815528,0,0.0296225002673511,0.0150786012191209,0.0372152710940006,0.022992193348305,0,0.00160410651267244,0.0253448829002246,0.0299433215698856,0,0.00278045128863223,0.0305849641749546,0.0176451716393969,0,0,0.000855523473425302,0.00566784301144263,0.00898299647096567,0.0121912094963106,0.000213880868356326,0,0.00438455780130467,0.00160410651267244,0.013153673403914,0.000748583039247139,0.00705806865575874,0,0.00203186824938509,0,0.00331515345952305,0.00192492781520693,0,0,0.00320821302534488,0.00363597476205753,0.00449149823548284,0.00139022564431612,0.00941075820767832,0.0224574911774142,0,0.00192492781520693,0,0,0,0.00481231953801732,0,0.00235268955191958,0,0.00310127259116672,0.00117634477595979,0,0.00973157951021281,0,0.00331515345952305,0,0.000855523473425302,0.00256657042027591,0,0,0,0,0,0,0,0,0.00427761736712651,0.00267351085445407,0,0,0,0,0.000320821302534488,0,0.0017110469468506,0,0,0,0,0,0,0.000213880868356326,0,0,0,0,0,0.00181798738102877,0,0,0,0,0,0,0.00117634477595979,0.0017110469468506,0,0,0,0,0,0,0,0,0,0,0,0.00235268955191958,0,0,0,0,0.00106940434178163,0,0,0,0,0,0,0,0,0,0,0,0,0,0,0,0,0,0,0,0,0,0,0,0,0,0,0,0,0,0.000320821302534488,0,0,0,0,0,0,0,0,0,0,0,0,0,0,0,0,0,0,0,0,0,0,0,0,0,0,0,0.000213880868356326,0,0.00139022564431612,0,0,0,0,0,0,0,0,0,0,0,0,0,0,0,0,0,0.000641642605068977,0,0,0,0.00117634477595979,0,0,0,0,0,0,0,0,0,0,0,0,0,0,0,0,0,0,0,0,0,0,0,0,0,0,0,0,0,0,0,0,0,0,0,0,0,0,0,0,0,0,0,0,0,0,0,0,0,0,0,0.000320821302534488,0,0.00117634477595979,0,0,0,0,0,0,0,0,0,0,0,0,0,0,0,0,0,0,0,0,0,0,0,0.000748583039247139,0,0,0,0,0,0,0,0,0,0,0,0,0,0,0,0,0,0,0,0,0,0,0,0,0,0,0,0,0,0,0,0,0,0,0,0,0,0,0,0,0.000320821302534488,0,0,0,0,0,0,0,0,0,0,0,0,0,0,0,0,0,0,0,0,0,0,0,0,0,0,0,0,0,0,0,0,0.000427761736712651,0,0,0,0,0,0,0,0,0,0,0,0,0,0,0,0,0,0,0,0,0,0,0,0,0,0,0,0,0,0,0,0,0,0,0,0,0,0,"SRR13891659","L6JC","LBW","C"
"SRR13891664",0.00494290097153571,0.179819328447247,0.0434634395772967,0.0528379069371058,0.015169592636782,0.0615305948525652,0.012442474859383,0.262996420657917,0.0364752002727118,0.0422703255496847,0.00818135333219703,0.0231805011078916,0,0.0296574058292143,0,0,0.00749957388784728,0.00460201124936083,0.00323845236066133,0.00409067666609852,0.0080109084711096,0.00323845236066133,0.0214760524970172,0.0148287029146071,0,0.00306800749957389,0.00102266916652463,0,0.0110789159706835,0.00681779444349753,0.00732912902675984,0.00119311402761207,0.00187489347196182,0.00119311402761207,0.00204533833304926,0.00306800749957389,0.00698823930458497,0.00477245611044827,0.00187489347196182,0.00255667291631157,0,0.00869268791545935,0.00886313277654679,0.00323845236066133,0.00119311402761207,0.0035793420828362,0,0.00323845236066133,0,0,0.00102266916652463,0,0.00119311402761207,0,0.00119311402761207,0,0.0252258394409409,0,0.0114198056928584,0,0,0.00323845236066133,0.00818135333219703,0.00102266916652463,0.000852224305437191,0,0.00136355888869951,0,0,0,0,0,0.00528379069371058,0,0.000511334583262315,0,0.000511334583262315,0.00392023180501108,0,0,0,0,0,0,0,0,0,0,0,0,0.00238622805522413,0,0,0,0,0,0,0,0,0,0,0,0,0,0,0,0,0,0,0,0.000681779444349753,0,0,0,0,0,0,0,0,0,0.000681779444349753,0,0.000511334583262315,0,0,0,0,0,0,0,0,0,0,0,0,0,0,0,0,0,0,0,0,0,0,0,0,0,0,0,0,0,0,0,0,0,0,0,0,0,0,0,0,0,0,0,0,0,0,0,0,0,0,0,0.000340889722174876,0,0,0,0,0,0,0,0,0,0,0,0,0,0,0,0,0,0,0,0,0,0,0,0,0,0,0,0,0,0,0,0,0,0,0,0,0,0,0,0,0,0,0,0,0,0,0,0,0,0,0,0,0,0,0,0,0,0,0,0,0,0.00136355888869951,0,0,0,0,0,0,0,0,0,0.00102266916652463,0,0,0,0,0,0,0,0,0,0,0,0,0,0,0,0,0,0,0,0,0,0,0.00153400374978694,0,0,0,0,0,0,0,0,0,0,0,0,0,0,0,0,0,0,0,0,0,0,0,0,0.00153400374978694,0,0,0,0,0,0,0,0,0,0,0,0,0,0,0,0,0,0,0,0,0,0,0,0,0,0,0.00102266916652463,0,0,0,0,0,0,0,0,0,0,0,0,0,0,0,0,0,0,0,0,0,0,0,0,0,0,0,0,0,0,0,0,0,0,0,0,0,0,0,0,0,0,0,0,0,0,0,0,0,0,0,0.000340889722174876,0,0,0,0,0,0,0,0,0,0,0,0,0,0,0,"SRR13891664","L1JC","LBW","C"
