"","Brucella_melitensis","Romboutsia_ilealis","Sphingomonas_melonis","Deinococcus_geothermalis","Bacteroides_fragilis","Rothia_nasimurium","Caulobacter_vibrioides","Mucilaginibacter_kameinonensis","Microbacterium_testaceum","Bacteroides_plebeius","Brevundimonas_intermedia","Bacteroides_gallinaceum","Helicobacter_pullorum","Methylobacterium-Methylorubrum_jeotgali","Methylobacterium-Methylorubrum_extorquens","Chryseobacterium_massiliae","Campylobacter_avium","Bradyrhizobium_elkanii","Methylobacterium-Methylorubrum_isbiliense","Methylobacterium-Methylorubrum_adhaesivum","Faecalitalea_cylindroides","Brevundimonas_diminuta","Methylobacterium-Methylorubrum_currus","Fusobacterium_mortiferum","Thermus_thermophilus","Campylobacter_jejuni","Sphingobium_xenophagum","Butyricicoccus_pullicaecorum","Bdellovibrio_bacteriovorus","Faecalicoccus_pleomorphus","Cupriavidus_plantarum","Brevundimonas_vesicularis","Methylobacterium-Methylorubrum_brachiatum","Sphingomonas_echinoides","Ochrobactrum_thiophenivorans","Brevibacterium_casei","Corynebacterium_aquilae","Asticcacaulis_excentricus","Bifidobacterium_pullorum","Methylobacterium-Methylorubrum_komagatae","Barnesiella_viscericola","Collinsella_massiliensis","Phyllobacterium_myrsinacearum","Bacteroides_salanitronis","Sphingomonas_leidyi","Bacteroides_caecigallinarum","Methylobacterium-Methylorubrum_radiotolerans","Alistipes_inops","Brevundimonas_bullata","Lactobacillus_kitasatonis","Romboutsia_sedimentorum","Lactobacillus_amylovorus","Cutibacterium_acnes","Faecalibacterium_prausnitzii","Brevibacterium_epidermidis","Sphingomonas_azotifigens","Corynebacterium_stationis","Bacteroides_caecicola","Sphingomonas_yunnanensis","Bacteroides_barnesiae","Brevundimonas_terrae","Brevundimonas_subvibrioides","Brevundimonas_mediterranea","Lactobacillus_taiwanensis","Bacteroides_uniformis","Bifidobacterium_catenulatum","Helicobacter_winghamensis","Brachybacterium_faecium","Meiothermus_silvanus","Cupriavidus_campinensis","Brevundimonas_olei","Enorma_phocaeensis","Rothia_mucilaginosa","Delftia_litopenaei","Corynebacterium_xerosis","Rhodococcus_erythropolis","Flavobacterium_suncheonense","Corynebacterium_falsenii","Aquabacterium_commune","Leucobacter_aridicollis","Corynebacterium_glutamicum","Microbacterium_oxydans","Sphingobium_lactosutens","Novispirillum_itersonii","Veillonella_magna","Corynebacterium_glyciniphilum","Anaerotruncus_colihominis","Brevibacterium_iodinum","Ochrobactrum_cytisi","Sphingobium_amiense","Nitrobacter_alkalicus","Anaerobiospirillum_succiniciproducens","Alistipes_indistinctus","Deinococcus_xinjiangensis","Corynebacterium_tuberculostearicum","Sphingopyxis_alaskensis","Geobacillus_lituanicus","Novosphingobium_capsulatum","Deinococcus_actinosclerus","Chryseobacterium_greenlandense","Microvirga_aerophila","Pelomonas_aquatica","Paraprevotella_xylaniphila","Brevibacterium_mcbrellneri","Slackia_equolifaciens","Mesorhizobium_ciceri","Streptococcus_hyovaginalis","Blautia_obeum","Chryseobacterium_koreense","Sphingomonas_wittichii","Methyloversatilis_discipulorum","Leptotrichia_buccalis","Mycobacterium_neoaurum","Helicobacter_anseris","Microcystis PCC-7914_aeruginosa","Ohtaekwangia_koreensis","Thermus_scotoductus","Deinococcus_wulumuqiensis","Nitrosospira_multiformis","Rhodococcus_opacus","Bifidobacterium_longum","Castellaniella_denitrificans","Ruminococcus_bromii","Methylobacterium-Methylorubrum_hispanicum","Flavisolibacter_ginsenosidimutans","Bacteroides_acidifaciens","Gordonia_polyisoprenivorans","Leifsonia_xyli","Phascolarctobacterium_succinatutens","Parabacteroides_distasonis","Ornithobacterium_rhinotracheale","Corynebacterium_accolens","Acinetobacter_gandensis","Brevundimonas_staleyi","Dyadobacter_fermentans","Paracoccus_aminovorans","Stenotrophobacter_terrae","Enterobacter_nickellidurans","Prevotella_9_paludivivens","Anaerostipes_butyraticus","Streptomyces_thermocarboxydus","Parabacteroides_merdae","Bacteroides_ovatus","Sphingobacterium_nematocida","Fusobacterium_nucleatum","Prevotella_9_copri","Megamonas_funiformis","Methyloversatilis_universalis","Bacteroides_coprocola","Sphingobacterium_mizutaii","Ruminococcus_callidus","Corynebacterium_minutissimum","Desulfovibrio_piger","Lachnospiraceae NK4A136 group_bacterium","Blautia_glucerasea","Clostridium sensu stricto 1_beijerinckii","Sphingobacterium_multivorum","Novosphingobium_sediminicola","Pedomicrobium_ferrugineum","Methylobacterium-Methylorubrum_pseudosasae","[Ruminococcus] torques group_torques","Sphingobium_yanoikuyae","Coprobacter_secundus","Mesorhizobium_plurifarium","Methylobacterium-Methylorubrum_podarium","Bacteroides_graminisolvens","Rubrobacter_bracarensis","Paracoccus_marcusii","Rothia_endophytica","Cutibacterium_granulosum","Nakamurella_multipartita","Lactobacillus_ultunensis","Corynebacterium_variabile","Helicobacter_ganmani","Ochrobactrum_pseudogrignonense","Micrococcus_luteus","Sphingomonas_paucimobilis","Proteiniphilum_saccharofermentans","Fusobacterium_necrogenes","Succinatimonas_hippei","Capnocytophaga_sputigena","Eubacterium_callanderi","Sphingomonas_dokdonensis","Corynebacterium_urealyticum","Dorea_formicigenerans","Glutamicibacter_arilaitensis","Corynebacterium_casei","Alistipes_finegoldii","Pseudoflavonifractor_capillosus","Alistipes_obesi","Chryseobacterium_hispanicum","Enhydrobacter_aerosaccus","Blautia_hydrogenotrophica","Erysipelotrichaceae UCG-003_bacterium","Intestinimonas_timonensis","Nocardioides_lentus","Allorhizobium-Neorhizobium-Pararhizobium-Rhizobium_cellulosilyticum","Roseomonas_frigidaquae","Rhodococcus_fascians","Micavibrio_aeruginosavorus","Euryhalocaulis_caribicus","Escherichia-Shigella_coli","Lactobacillus_johnsonii","Capnocytophaga_leadbetteri","Gluconacetobacter_liquefaciens","Odoribacter_splanchnicus","Blautia_faecis","Turicibacter_sanguinis","Paraprevotella_clara","Nocardioides_furvisabuli","Sphingomonas_koreensis","Nevskia_aquatilis","Anaerococcus_prevotii","Paenibacillus_harenae","Mycobacterium_abscessus","Microterricola_viridarii","Devosia_riboflavina","Chryseobacterium_joostei","Rhodococcus_corynebacterioides","Mucispirillum_schaedleri","Thiobacillus_thiophilus","Lachnoclostridium_urinimassiliense","Phenylobacterium_muchangponense","Blastococcus_aggregatus","Fournierella_massiliensis","Candidatus Finniella_lucida","Corynebacterium_imitans","Acinetobacter_seifertii","Spirosoma_carri","Pediococcus_stilesii","Hyphomicrobium_vulgare","Veillonella_dispar","Porphyromonas_endodontalis","Deinococcus_gobiensis","Neomicrococcus_aestuarii","Terrimicrobium_sacchariphilum","Chryseobacterium_anthropi","Blautia_coccoides","Clostridium sensu stricto 1_perfringens","Myroides_odoratus","Candidatus Stoquefichus_massiliensis","Paenibacillus_ruminocola","Megasphaera_stantonii","Limnobacter_thiooxidans","Candidatus Obscuribacter_phosphatis","Aquabacterium_parvum","Subdoligranulum_variabile","Brevibacillus_massiliensis","Acinetobacter_dispersus","Gemmobacter_aquaticus","Christensenella_massiliensis","Mucilaginibacter_craterilacus","Lactobacillus_hominis","Vibrionimonas_magnilacihabitans","Shewanella_profunda","Sulfurisoma_sediminicola","Olsenella_congonensis","Veillonella_rogosae","Brevibacillus_gelatini","Enorma_massiliensis","Megamonas_rupellensis","Streptococcus_lactarius","Phascolarctobacterium_faecium","Megasphaera_massiliensis","Anoxybacillus_kestanbolensis","Flavisolibacter_ginsengiterrae","Phaselicystis_flava","Undibacterium_macrobrachii","Brevundimonas_halotolerans","Parasutterella_excrementihominis","Sample_ID","sample_alias","group","site"
"SRR13891628",0.399612653324726,0.0768237572627502,0.183344092963202,0.0671400903808909,0,0.00581020012911556,0.0316333118140736,0,0.0245319561007101,0.00484183344092963,0.00419625564880568,0.00290510006455778,0,0.00581020012911556,0.00322788896061975,0,0.000645577792123951,0.00451904454486766,0,0,0,0,0,0,0,0,0.00871530019367334,0,0,0.00161394448030988,0,0.00806972240154939,0.0106520335700452,0,0,0,0.0190445448676566,0,0,0.00290510006455778,0,0,0,0.0025823111684958,0,0,0,0,0,0,0,0,0,0,0.00322788896061975,0,0.0025823111684958,0,0,0,0,0.00355067785668173,0.0012911555842479,0,0,0,0,0,0,0,0,0,0,0,0,0,0,0,0,0,0,0,0,0,0,0,0.00290510006455778,0,0,0,0,0,0,0.00161394448030988,0,0,0,0,0,0,0,0,0,0,0,0,0,0.0103292446739832,0.00871530019367334,0,0,0,0.00936087798579729,0,0,0.0145255003227889,0,0,0,0,0,0.00774693350548741,0.00774693350548741,0,0.00742414460942544,0.00387346675274371,0,0,0,0,0,0,0,0,0,0,0.00903808908973531,0,0.00581020012911556,0.00581020012911556,0.00581020012911556,0,0,0,0,0,0,0,0.00355067785668173,0,0,0.00484183344092963,0,0,0,0,0,0.00419625564880568,0,0,0,0,0,0.00387346675274371,0,0,0,0,0,0,0,0,0,0,0,0,0,0,0,0,0,0,0,0,0,0,0,0,0,0,0,0,0,0,0,0,0,0,0,0,0,0,0,0,0,0,0,0,0.00193673337637185,0,0,0,0,0,0.00161394448030988,0,0,0,0,0,0,0,0,0,0,0,0,0,0,0,0,0,0,0,0,0,0,0,0,0,0,0,0,0,0,0,0,0,0,0,0,0,0,0,0,0,0,0,0,0,0,0,0,0,0,0,0,0,0,0,"SRR13891628","H9JC","HBW","C"
"SRR13891632",0.310400647511129,0.441602590044516,0.122541481181708,0.00145690004046945,0,0.00194253338729259,0.00615135572642655,0,0.00493727235936868,0.00744637798462161,0.00526102792391744,0.00963172804532578,0.00218535006070417,0.00356131121003642,0.00113314447592068,0,0,0.00364225010117361,0,0,0.0284095507891542,0,0.00372318899231081,0.00137596114933225,0.000242816673411574,0,0.00105220558478349,0.00202347227842979,0,0.00339943342776204,0,0.000890327802509106,0.00161877782274383,0,0,0.00210441116956698,0.00113314447592068,0.00056657223796034,0.00501821125050587,0.00161877782274383,0,0.0164305949008499,0,0.00129502225819506,0,0,0,0,0,0,0.000890327802509106,0,0,0,0,0,0,0.00137596114933225,0,0.00105220558478349,0,0.000161877782274383,0.000647511129097531,0,0,0,0,0,0,0,0,0,0,0,0,0,0,0,0,0,0,0,0,0,0,0,0,0,0,0,0,0,0,0,0,0,0,0,0,0,0,0,0,0,0,0,0,0,0,0,0,0,0,0,0,0,0,0,0,0,0,0,0,0,0,0,0,0,0,0,0.000323755564548766,0,0,0,0,0,0,0,0,0,0,0,0,0,0,0,0,0,0,0,0,0,0,0,0,0,0,0,0.00105220558478349,0,0,0,0,0,0,0,0,0,0,0,0.000890327802509106,0,0,0,0,0,0,0,0,0,0,0,0,0,0,0,0,0,0,0,0,0,0.000647511129097531,0,0,0,0,0,0,0,0,0,0,0,0,0,0,0,0,0,0,0,0,0,0,0,0,0,0,0,0,0,0,0,0,0,0,0,0,0,0,0,0,0,0,0,0.000161877782274383,0,0,0,0,0,0,0,0,0,0,0,0,0,0,0,0,0,0,0,0,0,0,0,0,0,0,0,0,0,0,0,0,0,"SRR13891632","H5JC","HBW","C"
"SRR13891633",0.408166340213952,0.00150670483652253,0.00467078499321983,0.361910501732711,0,0,0.00542413741148109,0,0,0.000452011450956758,0.00421877354226307,0,0,0.00436944402591532,0.0147657073979207,0,0,0.00331475064034956,0.00753352418261263,0,0,0.00994425192104867,0.0031640801566973,0.00150670483652253,0.013108332077746,0,0,0,0.0634322736175983,0,0.0174777761036613,0.0028627391893928,0,0,0.0165737532017478,0,0,0.0305861081814073,0.000301340967304505,0,0,0,0,0,0,0,0.000904022901913515,0,0,0,0,0,0.00060268193460901,0,0.00843754708452614,0,0,0.00165737532017478,0,0,0.00150670483652253,0,0,0,0,0,0,0.00406810305861082,0,0,0,0.000150670483652253,0,0,0,0,0,0,0,0,0,0,0,0,0,0,0,0,0,0,0,0,0,0,0,0,0,0,0,0,0,0.00135603435287027,0,0,0,0,0,0,0,0,0,0,0,0,0,0,0,0.000301340967304505,0,0,0,0,0,0,0,0,0,0,0,0,0,0,0,0,0,0,0,0,0,0,0,0,0,0,0,0,0,0,0,0,0,0,0,0,0,0,0,0,0,0,0,0,0,0,0,0,0,0,0,0,0,0,0,0,0,0,0,0,0,0,0,0,0,0,0,0,0,0,0,0,0,0,0,0.00120536386921802,0,0,0,0,0,0,0,0,0,0,0,0,0,0,0,0.000904022901913515,0.000904022901913515,0,0,0,0,0,0,0,0,0,0.000452011450956758,0,0,0,0,0,0,0,0,0,0.00060268193460901,0,0,0,0,0,0,0.000452011450956758,0,0,0,0,0,0.000301340967304505,0.000301340967304505,0,0,0,0,0,0,0,0,0.000150670483652253,0.000150670483652253,0.000301340967304505,0,0,0,0,0,0,0,0,0,0,0,0,0,0,"SRR13891633","L10JM","LBW","M"
"SRR13891634",0.271059528266567,0.00449269936353426,0.00711344065892924,0.0101085735679521,0,0,0.0164732309996256,0,0,0.131037064769749,0.00786222388618495,0.274429052789218,0.0861100711344066,0.00599026581804568,0.00935979034069637,0,0,0.0041183077499064,0,0,0,0.0041183077499064,0.00374391613627855,0.0280793710220891,0,0.0134780980906028,0.00299513290902284,0,0,0,0,0,0,0,0,0.00486709097716211,0,0,0.0183451890677649,0.00224634968176713,0.0277049794084613,0.00074878322725571,0,0.00898539872706851,0,0.0104829651815799,0,0.0112317484088356,0,0,0,0,0,0,0,0,0,0,0,0.00711344065892924,0,0,0,0,0,0,0,0,0,0,0,0,0,0,0,0,0,0,0,0,0,0,0,0,0,0,0,0,0,0,0,0,0.00711344065892924,0,0,0,0,0,0.00224634968176713,0,0,0,0,0,0,0,0,0,0,0,0,0,0,0,0,0,0,0,0,0,0,0,0.00449269936353426,0,0,0,0,0,0,0.00112317484088356,0,0,0,0,0,0,0,0,0,0,0,0,0,0,0,0,0.00149756645451142,0,0,0,0,0,0.00561587420441782,0,0,0,0,0,0,0,0,0,0,0,0,0,0,0,0,0,0,0,0,0,0,0,0,0,0.000374391613627855,0.00299513290902284,0,0,0,0,0,0,0,0,0,0,0,0,0,0,0,0,0,0,0,0,0,0,0,0,0,0,0,0,0,0,0,0,0,0,0,0.00187195806813927,0,0,0,0,0,0,0,0,0,0,0,0,0,0,0,0,0,0,0,0,0,0,0,0,0,0,0,0,0,0,0,0,0,0,0,0,0,0,0,0,0.000374391613627855,0,0,0,0,0,0,0,0,0,0,0,0,0,"SRR13891634","L9JM","LBW","M"
"SRR13891635",0.386506170341898,0.0338863038640502,0,0.167206150111268,0,0,0.0477442848472587,0,0,0.00343920695933644,0.00485535100141614,0.0237709892777665,0.000606918875177018,0.00657495448108436,0.0140602872749343,0.000404612583451345,0.00101153145862836,0.00829455796075258,0.0114303054825005,0.104187740238721,0.000708072021039854,0.00971070200283229,0.00424843212623913,0,0.039550880032369,0,0.00343920695933644,0.00283228808415942,0,0.00323690066761076,0.000101153145862836,0.00536111673073033,0.00485535100141614,0.00718187335626138,0.00505765729314182,0.00171960347966822,0,0.00839571110661542,0,0.005563423022456,0.00273113493829658,0.000303459437588509,0.00515881043900465,0,0,0.00161845033380538,0,0.00192190977139389,0.00364151325106211,0,0,0,0.00242767550070807,0.00708072021039854,0,0,0,0.0066761076269472,0.00303459437588509,0.000910378312765527,0.00151729718794254,0.000101153145862836,0.000606918875177018,0,0,0,0,0,0.00708072021039854,0,0,0.00374266639692494,0,0,0,0,0,0,0.00627149504349585,0,0,0.00293344123002225,0,0,0.000910378312765527,0,0,0,0,0,0.0044507384179648,0,0,0,0,0,0,0,0,0,0,0,0.00171960347966822,0,0,0,0,0,0,0,0,0,0,0,0,0,0.00262998179243374,0,0,0,0,0,0,0,0,0,0,0,0,0,0,0,0.00202306291725673,0.00202306291725673,0,0,0,0,0,0,0,0,0,0,0.00171960347966822,0.00171960347966822,0.000202306291725673,0,0,0,0,0,0,0,0,0,0,0,0,0.00131499089621687,0,0,0,0,0.00121383775035404,0,0,0,0,0,0,0.0011126846044912,0,0,0,0,0,0,0,0,0.00101153145862836,0.000303459437588509,0,0,0,0,0,0.000910378312765527,0,0,0,0,0,0,0,0,0,0,0,0,0,0,0,0,0,0,0,0,0.000404612583451345,0,0,0.000606918875177018,0,0,0,0,0.000505765729314182,0,0,0,0,0,0,0,0,0,0,0,0,0.000101153145862836,0,0.000404612583451345,0,0,0,0,0,0,0,0,0,0,0,0,0,0.000202306291725673,0.000202306291725673,0.000303459437588509,0,0,0,0,0,0,0,0,0,0.000101153145862836,0.000101153145862836,0.000101153145862836,0,0,0,0,0,0,0,0,0,0,"SRR13891635","L8JM","LBW","M"
"SRR13891638",0.114716835130822,0.0160564878850897,0.00212796827392755,0.74343473424578,0,0,0.00938240557140784,0,0.00353049281810708,0.000677080814431494,0,0.00270832325772598,0,0.00425593654785511,0.00565846109203463,0,0,0.00396575905595589,0.00522319485418581,0,0,0.0255839822024472,0.00396575905595589,0,0.00488465444697006,0.00111234705228031,0,0.000580354983798423,0,0,0.00236978285051023,0,0.000870532475697635,0,0.00280504908835905,0.00111234705228031,0,0.00188615369734488,0.000677080814431494,0,0.00106398413696378,0,0,0,0,0,0,0,0.00425593654785511,0.000483629153165353,0,0,0.00149925037481259,0.00938240557140784,0,0.00091889539101417,0,0.000628717899114959,0,0,0.000773806645064565,0,0,0,0,0.00454611403975432,0,0.0016443391207622,0,0,0,0,0.00686753397494801,0,0,0,0,0,0,0,0,0,0,0.00130579871354645,0,0,0.00135416162886299,0,0,0,0,0,0,0,0,0,0.00188615369734488,0,0,0,0.00174106495139527,0.000241814576582676,0.000870532475697635,0,0,0,0,0,0,0,0,0,0,0,0,0,0,0,0,0,0,0,0,0,0,0,0,0,0,0,0,0,0,0,0,0,0,0.00091889539101417,0,0,0,0,0,0,0,0,0,0,0,0,0,0,0,0,0,0,0,0,0,0,0.000628717899114959,0,0,0,0,0,0,0,0,0,0,0,0,0,0,0,0,0,0,0,0,0,0,0.000483629153165353,0,0,0,0,0,0,0,0,0,0,0.000386903322532282,0,0,0,0,0,0,0,0,0,0,0,0,0,0,0,0,0,0,0,0,0,0,0,0,0,0,0,0,0,0,0,0,0,0,9.67258306330706e-05,0,0,0.000193451661266141,0,0,0,0,0,0,0,0,0,4.83629153165353e-05,0,0,0,0,0,9.67258306330706e-05,0,0,0,0,0,0,0,0,0,0,0,0,4.83629153165353e-05,4.83629153165353e-05,0,0,0,0,0,0,0,"SRR13891638","L5JM","LBW","M"
"SRR13891641",0.714772417552467,0.00109021531752521,0.00776778413736713,0.0102207686017989,0,0,0.108476424093759,0,0,0,0.00490596892886345,0.000817661488143908,0,0.0113109839193241,0.00313436903788498,0,0,0.00722267647860452,0,0.0291632597437994,0,0,0.012128645407468,0.00367947669664759,0,0,0.00354319978195694,0,0,0,0,0.00286181520850368,0,0.00272553829381303,0,0.012128645407468,0,0.00122649223221586,0.00245298446443173,0.00327064595257563,0,0,0,0,0.0220768601798855,0.000817661488143908,0.00422458435541019,0.00136276914690651,0,0,0,0,0.000817661488143908,0,0,0,0,0,0.00572363041700736,0,0,0,0,0,0,0,0,0,0,0,0,0,0,0,0,0.00190787680566912,0,0,0,0.00258926137912238,0.00136276914690651,0,0,0,0,0,0,0,0,0.00327064595257563,0,0,0,0,0.00272553829381303,0,0,0.00245298446443173,0,0,0,0,0,0,0,0,0,0,0,0.00190787680566912,0,0,0,0,0,0,0,0,0,0,0,0,0,0,0,0.000681384573453257,0,0.00136276914690651,0,0,0,0,0,0,0,0,0,0,0,0,0,0,0,0,0,0,0,0,0,0,0,0,0,0,0,0,0,0,0,0,0,0,0,0,0,0,0,0,0.00149904606159717,0,0,0,0,0,0,0,0,0,0,0,0,0,0,0,0.00136276914690651,0,0,0,0,0,0,0,0,0,0,0,0,0,0,0,0.00095393840283456,0,0,0,0,0,0,0,0,0,0,0,0,0,0,0,0,0,0,0,0,0,0,0,0,0,0,0,0,0,0,0,0,0,0,0,0,0,0,0,0,0,0,0,0,0,0,0,0,0,0,0,0,0,0,0,0,0,0,0,0,0,0,0,0,0,0,0,0,0,"SRR13891641","L2JM","LBW","M"
"SRR13891644",0.118726508954234,0.00442184390891002,0.0501879283661287,0.011054609772275,0,0,0.00906478001326553,0,0.00950696440415653,0.195003316382932,0.00353747512712801,0.0975016581914658,0.0552730488613752,0,0,0,0,0.0011054609772275,0.00176873756356401,0.00375856732257351,0.0818041123148353,0,0,0.188149458324121,0.0011054609772275,0.001326553172673,0,0,0,0.0145920848994031,0,0,0,0,0,0,0,0.00154764536811851,0,0,0.0112757019677205,0,0,0.0384700420075171,0,0.0373645810302896,0,0.0243201414990051,0,0,0.00375856732257351,0,0,0,0,0,0,0,0,0.00884368781782003,0,0.0011054609772275,0,0,0,0,0,0,0,0,0,0,0,0,0,0,0,0,0,0,0,0,0,0,0,0,0,0,0,0,0,0.00795931903603803,0.001326553172673,0,0,0,0,0,0,0,0,0,0,0,0,0,0,0,0,0,0,0,0,0,0,0,0,0,0.00552730488613752,0,0,0,0,0,0,0,0,0,0,0,0,0,0,0,0,0,0,0,0,0,0,0,0,0,0,0,0,0,0,0,0,0,0,0.00331638293168251,0,0.00309529073623701,0,0,0,0,0,0,0,0,0,0.00176873756356401,0,0,0,0,0,0,0,0,0,0,0,0,0,0,0,0,0,0,0,0,0,0,0,0,0,0,0,0,0,0,0,0,0,0,0,0,0,0.00154764536811851,0,0,0,0,0,0,0,0,0,0,0,0,0,0,0,0.000884368781782003,0,0,0,0,0,0,0,0,0,0,0,0,0,0,0,0,0,0,0,0,0,0,0,0,0,0,0,0,0,0,0,0,0,0,0,0,0,0,0,0,0,0,0,0,0,0,0,0,0,0,"SRR13891644","H10JM","HBW","M"
"SRR13891645",0.149435273675065,0.265855777584709,0,0.184187662901825,0,0,0.00955690703735882,0,0,0,0,0.00608166811468288,0,0,0.0364900086880973,0,0,0,0.0112945264986968,0,0,0,0,0,0.0408340573414422,0,0,0,0,0,0.00608166811468288,0,0,0,0,0,0.0156385751520417,0,0,0,0,0.00347523892267593,0,0.00260642919200695,0,0,0,0,0,0.0755864465682016,0.0486533449174631,0,0,0,0,0,0,0,0,0,0,0,0,0,0,0,0,0,0,0,0,0,0,0,0,0,0,0,0,0,0,0,0,0,0.00608166811468288,0,0,0,0,0,0,0,0,0,0,0,0,0,0,0,0,0,0,0,0,0,0,0,0,0,0.107732406602954,0,0,0,0,0,0,0,0,0,0,0,0,0,0,0,0,0,0,0,0,0,0,0,0,0,0,0,0,0,0,0,0,0,0,0,0,0.0278019113814075,0,0,0,0,0,0,0,0,0,0,0,0,0,0,0,0,0,0,0,0,0,0,0,0.00260642919200695,0,0,0,0,0,0,0,0,0,0,0,0,0,0,0,0,0,0,0,0,0,0,0,0,0,0,0,0,0,0,0,0,0,0,0,0,0,0,0,0,0,0,0,0,0,0,0,0,0,0,0,0,0,0,0,0,0,0,0,0,0,0,0,0,0,0,0,0,0,0,0,0,0,0,0,0,0,0,0,0,0,0,0,0,0,0,0,0,0,0,0,0,0,0,0,0,0,0,"SRR13891645","H9JM","HBW","M"
"SRR13891646",0.6875,0.0269886363636364,0,0.0553977272727273,0,0,0.0184659090909091,0,0,0,0,0,0,0.015625,0,0,0,0,0,0,0,0,0,0,0.00852272727272727,0.00284090909090909,0,0,0,0,0,0,0,0,0,0.0113636363636364,0,0,0,0,0,0,0,0,0,0,0,0,0,0.102272727272727,0.00142045454545455,0,0,0,0,0,0,0,0,0,0,0,0,0,0,0,0.0582386363636364,0,0,0,0,0,0,0,0,0,0,0,0,0,0,0,0,0,0,0,0,0,0,0,0,0,0,0,0,0,0,0,0,0,0,0,0,0,0,0,0,0,0,0,0,0,0,0.00426136363636364,0,0,0,0,0,0,0,0,0,0,0,0,0,0,0,0,0,0,0,0,0,0,0,0,0,0,0,0,0,0,0,0,0,0,0,0,0,0,0,0,0,0,0,0,0,0,0,0,0,0,0,0,0,0,0,0,0,0,0,0,0,0,0,0,0,0,0,0,0,0,0,0,0,0,0,0,0,0,0,0,0,0,0,0,0,0,0,0,0,0,0,0,0,0,0,0,0,0,0,0,0,0,0,0,0,0,0.00710227272727273,0,0,0,0,0,0,0,0,0,0,0,0,0,0,0,0,0,0,0,0,0,0,0,0,0,0,0,0,0,0,0,0,0,0,0,0,0,0,0,0,0,0,0,0,0,0,0,0,0,"SRR13891646","H8JM","HBW","M"
"SRR13891648",0.767940354147251,0.00205032618825722,0,0.045479962721342,0,0,0.0169617893755825,0,0,0,0.00633737185461323,0.0249767008387698,0,0.0070829450139795,0.00503261882572227,0,0,0.00689655172413793,0.00876048462255359,0,0,0,0.00987884436160298,0.000559179869524697,0,0,0.00149114631873253,0,0,0,0.0113699906803355,0,0,0.0059645852749301,0.0121155638397018,0.00726933830382106,0,0.00316868592730662,0,0,0,0,0.00820130475302889,0.0162162162162162,0,0.00335507921714818,0.00726933830382106,0.00130475302889096,0,0.00167753960857409,0,0,0.000745573159366263,0,0,0,0,0,0,0.00130475302889096,0,0,0.000745573159366263,0,0,0,0.00316868592730662,0,0,0,0,0,0,0,0,0,0,0,0,0,0,0,0,0.000931966449207828,0,0,0,0,0,0,0,0,0,0,0,0,0,0,0,0,0,0.000559179869524697,0,0,0,0,0,0,0,0,0,0,0,0,0,0,0,0,0,0.00465983224603914,0,0,0,0,0,0,0,0,0.00279589934762349,0,0,0,0,0,0,0,0,0,0,0,0,0,0,0,0,0,0,0,0,0,0,0,0,0,0,0,0,0,0,0,0,0,0,0,0,0,0,0,0,0,0,0,0,0,0,0.00205032618825722,0,0,0.000186393289841566,0,0,0,0,0,0,0,0,0,0,0,0,0,0,0,0,0,0,0,0,0,0,0,0,0,0,0,0,0,0,0,0,0,0,0,0,0,0,0,0,0,0,0.000931966449207828,0,0,0,0,0,0,0,0,0,0,0,0,0,0,0,0,0,0,0,0,0,0,0,0,0,0,0,0,0,0,0,0,0,0,0,0,0,0,0,0,0,0,0,0.000372786579683131,0.000186393289841566,0,0,0,"SRR13891648","H6JM","HBW","M"
"SRR13891651",0.422217230147141,0.00443670672806919,0.35274626530383,0.00320116814556891,0,0,0.0234190722228462,0,0.0302706952712569,0.014096372009435,0.0103335954172751,0.0293721217567112,0.00101089520386387,0.0138717286307986,0.00415590250477367,0,0.00696394473772886,0.00555992362125126,0,0,0,0,0.00814332247557003,0.011400651465798,0,0.000786251825227451,0.00550376277659216,0.00101089520386387,0,0,0,0.00101089520386387,0.00679546220375154,0.00561608446591037,0,0,0,0.00600921037852409,0,0.0015725036504549,0.00112321689318207,0,0.00505447601931933,0.00280804223295518,0.00106705604852297,0.00162866449511401,0,0.000224643378636415,0,0,0,0,0.000336965067954622,0,0.00219027294170504,0.00123553858250028,0,0.000673930135909244,0,0.00112321689318207,0,0,0,0,0,0,0,0,0,0,0.00438054588341009,0,0,0,0,0.000561608446591037,0,0,0,0,0.000673930135909244,0,0,0,0,0,0,0,0,0.00123553858250028,0,0,0,0.00162866449511401,0,0.00117937773784118,0,0,0,0,0,0,0,0,0,0,0,0,0,0,0,0,0,0,0,0,0,0,0,0,0,0,0,0.00134786027181849,0,0,0,0,0,0,0,0,0,0,0,0,0,0,0,0,0,0,0,0,0,0,5.61608446591037e-05,0,0,0.000898573514545659,0.000898573514545659,0,0,0,0,0,0,0,0,0,0,0,0,0,0,0,0,0,0,0,0,0,0,0,0,0,0,0,0.000112321689318207,0,0,0,0,0,0,0,0,0,0,0,0,0,0,0,0,0,0,0,0,0,0,0,0,0,0,0,0,0,0,0,0,0,0,0,0,0,0,0,0,5.61608446591037e-05,0,0,0,0,0,0,0,0,0,0,0,0,0,0,0,0,0,0,0,0,0,0,0,0,0,0,0,0,0,0,0,0,0,0,0,0,0,0,0,0,0,0,0,0,0,0,0,0,0,0,"SRR13891651","H3JM","HBW","M"
"SRR13891654",0.342733188720174,0.0780911062906725,0.297180043383948,0.0195227765726681,0,0.0780911062906725,0.0216919739696312,0,0.0260303687635575,0,0.0281995661605206,0,0,0,0,0,0,0,0,0,0,0,0,0,0,0,0,0,0,0,0,0,0,0,0,0,0,0,0.0260303687635575,0,0,0.0130151843817787,0,0,0,0,0,0,0,0.0238611713665944,0,0,0,0,0,0,0,0,0,0,0,0,0,0,0,0,0,0,0,0,0,0,0,0,0,0,0,0.0390455531453362,0,0,0,0,0,0,0,0,0,0,0,0,0,0,0,0,0,0,0,0,0,0,0,0,0,0,0,0,0.00216919739696312,0,0,0,0,0,0,0,0,0,0,0,0,0,0,0,0,0,0,0,0,0,0,0,0,0,0,0,0,0,0,0,0,0,0,0,0,0,0,0,0,0,0,0,0,0,0,0,0,0,0,0,0,0,0,0,0,0,0,0,0,0,0,0,0,0,0,0,0,0,0,0,0.00433839479392625,0,0,0,0,0,0,0,0,0,0,0,0,0,0,0,0,0,0,0,0,0,0,0,0,0,0,0,0,0,0,0,0,0,0,0,0,0,0,0,0,0,0,0,0,0,0,0,0,0,0,0,0,0,0,0,0,0,0,0,0,0,0,0,0,0,0,0,0,0,0,0,0,0,0,0,0,0,0,0,0,0,0,0,0,0,0,0,0,0,0,0,"SRR13891654","H3JC","HBW","C"
"SRR13891661",0.460270747498529,0.261624484991171,0.0164802825191289,0.0588581518540318,0,0.0688640376692172,0.0294290759270159,0,0,0,0,0.00117716303708064,0.00147145379635079,0.00706297822248381,0.00706297822248381,0.000882872277810477,0,0.00412007062978222,0.00824014125956445,0,0,0,0.00971159505591524,0,0.000882872277810477,0,0,0.0064743967039435,0,0.00441436138905238,0,0.00176574455562095,0,0,0,0,0.0267804590935845,0,0,0,0,0,0,0,0,0,0.00323719835197175,0,0,0,0.00588581518540318,0,0.00235432607416127,0,0,0,0,0,0,0,0,0,0,0,0,0,0,0,0,0,0,0,0,0,0,0,0,0,0,0,0,0,0,0,0,0,0.00206003531489111,0,0,0,0,0,0,0,0,0,0,0,0,0,0,0,0,0,0,0,0,0,0,0,0,0,0,0,0.00853443201883461,0,0,0,0,0,0,0,0,0,0,0,0,0,0,0,0,0,0,0,0,0,0,0,0,0,0,0,0,0,0,0,0,0,0,0,0,0,0,0,0,0,0,0,0,0,0,0,0,0,0,0,0,0,0,0,0,0,0,0,0,0,0,0,0,0,0,0,0,0,0,0,0,0,0,0,0,0,0,0,0,0,0,0,0,0,0,0,0,0,0,0.00206003531489111,0,0,0,0,0,0,0,0,0,0,0,0,0,0,0,0,0,0,0,0,0,0,0,0,0,0,0,0,0,0,0,0,0,0,0,0,0,0,0,0,0,0,0,0,0,0,0,0,0,0,0,0,0,0,0,0,0,0,0,0,0,0,0,0.000294290759270159,"SRR13891661","L4JC","LBW","C"
"SRR13891663",0.196212121212121,0.293181818181818,0.158333333333333,0.0492424242424242,0,0.0689393939393939,0.0257575757575758,0,0.0545454545454545,0.00303030303030303,0.0143939393939394,0.00454545454545455,0.00227272727272727,0,0,0,0,0.00833333333333333,0,0,0.00757575757575758,0,0,0,0.00378787878787879,0,0,0.00378787878787879,0,0.046969696969697,0,0,0,0,0,0,0,0,0.0121212121212121,0,0,0,0,0,0,0,0,0,0,0,0.000757575757575758,0,0,0,0,0,0,0,0,0,0,0,0,0,0,0,0,0,0,0,0,0,0,0,0,0,0,0,0,0,0.0121212121212121,0,0,0,0.00757575757575758,0,0,0,0,0,0,0,0,0,0,0,0,0,0,0,0,0,0,0,0,0,0,0,0.00303030303030303,0,0,0,0,0,0,0,0,0,0,0,0,0,0,0,0,0,0,0,0,0,0,0,0,0,0,0,0,0,0,0,0,0,0,0,0,0,0,0,0.00378787878787879,0,0,0,0,0,0,0,0,0,0,0,0,0,0,0,0,0.00303030303030303,0,0,0,0,0,0,0.00833333333333333,0,0,0,0,0,0,0,0,0,0,0,0,0,0,0,0,0,0,0,0,0,0,0,0,0,0,0,0,0,0,0,0,0,0.0053030303030303,0,0,0,0,0,0,0,0,0,0,0,0,0,0,0,0,0,0.00303030303030303,0,0,0,0,0,0,0,0,0,0,0,0,0,0,0,0,0,0,0,0,0,0,0,0,0,0,0,0,0,0,0,0,0,0,0,0,0,0,0,0,0,0,0,0,0,"SRR13891663","L2JC","LBW","C"
"SRR13891665",0.21328178931382,0.000497031616733398,0.171945326522159,0.00364489852271158,0.498522711583598,0,0.0113488885820792,0,0.0104376639514014,0.00135303051221869,0.00701366836946017,0.00474941322656358,0.000552257351925997,0.00309264117078559,0.00226425514289659,0,0,0.00345160844953748,0.00220902940770399,0,0,0.00168438492337429,0.00193290073174099,0.000248515808366699,0,0.0101891481430347,0.00450089741819688,0.0255419025265774,0,0,0,0.000855998895485296,0.00245754521607069,0.00312025403838189,0,0.00115974043904459,0,0.00151870771779649,0,0.00251277095126329,0.0010769018362557,0,0,0.000524644484329698,0.000773160292696396,0.00204335220212619,0,0,0,0,0,0,0.000248515808366699,0,0,0,0,0,0.000773160292696396,0,0,0.000248515808366699,0.000303741543559299,0,0.000358967278751898,0,0,0,0,0,0,0,0,0,0,0.000690321689907497,0,0,0,0,0,0,0.000524644484329698,0,0,0,0,0,0,0,0,0,0,0,0,0,0,0,0,0,0,0,0,0,0,0,0,0,0,0,0,0,0,0,0,0,0,0.000717934557503797,0,0,0,0,0.000331354411155599,0,0,0,0,0,0,0,0,0.000579870219522297,0,0,0,0,0,0,0,0,0,0,0,0,0,0,0,0,0,0,0,0,0,0,0,0,0,0,0,0,0,0,0,0,0,0,0,0,0,0.000331354411155599,0,0,0,0,0,0,0,0,0,0,0,0,0,0,0,0,0,0,0,0,0.000248515808366699,0,0,0,0,0,0,0,0,0,0,0,0,0,0,0,0,0,0,0,0,0,0,0,0,0,0,0,0,0,0,0,0,0,0,0,0,0,0.000138064337981499,0,0,0,0,0,0,0,0,0,0,0,0,0,0,0,0,0,0,0,0,0,0,0,0,0,0,0,0,0,0,0,0,0,0,0,0,0,0,0,0,0,"SRR13891665","H2JC","HBW","C"
"SRR13891627",0.0256333830104322,0.803576751117735,0,0.0524590163934426,0,0.0101341281669151,0.012220566318927,0,0,0,0,0,0,0,0.012220566318927,0,0,0,0.00238450074515648,0,0,0,0,0,0.00774962742175857,0,0,0,0,0,0.031892697466468,0.0131147540983607,0,0,0,0,0,0,0,0,0,0,0,0,0,0,0,0,0,0,0.0178837555886736,0,0,0,0,0.00238450074515648,0,0,0,0,0,0,0,0,0,0,0,0,0,0,0,0,0,0,0,0,0,0,0,0,0,0,0,0,0,0,0,0,0,0,0,0,0,0,0,0,0,0,0,0,0,0,0,0,0,0,0.00119225037257824,0,0,0,0,0,0,0,0.000894187779433681,0,0,0,0,0,0,0,0,0,0,0,0,0,0,0,0,0,0.000894187779433681,0,0,0,0,0,0,0,0,0,0,0,0,0,0,0,0,0,0,0,0,0,0,0,0,0,0,0,0,0,0,0,0,0,0,0,0,0,0,0,0,0,0,0,0,0,0,0,0,0,0,0,0,0,0,0,0,0,0,0.00327868852459016,0,0,0,0,0,0,0,0,0,0,0,0,0,0,0,0.00178837555886736,0,0,0,0,0,0,0,0,0,0,0,0,0,0,0,0,0,0,0,0,0,0.00029806259314456,0,0,0,0,0,0,0,0,0,0,0,0,0,0,0,0,0,0,0,0,0,0,0,0,0,0,0,0,0,0,0,0,0,0,0,0,0,0,0,0,"SRR13891627","H10JC","HBW","C"
"SRR13891629",0.0922330097087379,0.555825242718447,0.087378640776699,0,0,0.0533980582524272,0,0,0,0,0,0,0,0,0,0,0,0,0,0,0,0,0,0.0533980582524272,0.00970873786407767,0,0,0,0,0.00970873786407767,0,0,0,0,0,0,0,0,0,0,0,0,0,0,0,0.00970873786407767,0,0,0,0.0485436893203883,0.0194174757281553,0,0,0,0,0,0,0,0,0,0,0,0,0,0,0,0,0,0,0,0,0,0,0,0,0,0,0,0,0,0.0461165048543689,0,0,0,0.00485436893203883,0,0,0,0,0,0,0,0,0,0,0,0,0,0,0,0,0,0,0,0,0,0.00485436893203883,0,0,0,0,0,0,0,0,0,0,0,0,0,0,0,0,0,0,0,0,0,0,0,0,0,0,0,0,0,0,0,0,0,0,0,0,0,0,0,0,0,0,0,0,0,0,0,0,0,0,0,0,0,0,0,0,0,0,0,0,0,0,0,0,0,0,0,0,0,0,0,0.00485436893203883,0,0,0,0,0,0,0,0,0,0,0,0,0,0,0,0,0,0,0,0,0,0,0,0,0,0,0,0,0,0,0,0,0,0,0,0,0,0,0,0,0,0,0,0,0,0,0,0,0,0,0,0,0,0,0,0,0,0,0,0,0,0,0,0,0,0,0,0,0,0,0,0,0,0,0,0,0,0,0,0,0,0,0,0,0,0,0,0,0,0,0,"SRR13891629","H8JC","HBW","C"
"SRR13891640",0.559517072250519,0.197321260139596,0.00452744765138653,0.00773438973778532,0,0.00169779286926995,0.0205621580833805,0,0,0.00735710243350311,0.0141482739105829,0.0192416525183928,0,0.00207508017355216,0.0067911714770798,0,0.003584229390681,0.00792303338992643,0.00433880399924543,0,0.0111299754763252,0.00565930956423316,0.00415016034710432,0.00264101112997548,0.00245236747783437,0,0.00905489530277306,0,0.0169779286926995,0.000943218260705527,0,0.00528202225995095,0.012450481041313,0,0,0.00773438973778532,0.00207508017355216,0.00565930956423316,0.00848896434634975,0.00509337860780985,0.00132050556498774,0,0,0.00207508017355216,0.00603659686851537,0,0,0.000943218260705527,0,0.00132050556498774,0.000188643652141105,0,0.00188643652141105,0,0,0,0,0.00301829843425769,0,0.00282965478211658,0.00415016034710432,0,0,0,0,0,0,0.00264101112997548,0,0,0,0.00377287304282211,0,0,0,0,0,0,0,0,0,0.00207508017355216,0,0,0,0,0,0,0,0,0,0,0,0,0,0,0,0,0,0,0,0,0,0,0.00150914921712884,0,0,0,0,0,0,0,0,0,0,0,0,0,0,0,0,0,0,0,0,0,0.00226372382569327,0,0.000188643652141105,0,0,0,0,0,0,0,0,0,0,0,0,0,0.00150914921712884,0,0,0,0,0,0,0,0,0,0,0,0,0,0,0,0,0,0,0,0,0,0,0,0,0,0,0,0,0,0,0.00207508017355216,0,0,0,0,0.000188643652141105,0,0,0,0,0,0,0,0,0,0,0,0,0,0,0,0,0,0.00150914921712884,0,0,0,0,0,0,0,0,0,0,0,0,0,0,0,0,0.00113186191284663,0,0,0,0,0,0,0,0,0,0,0,0,0,0,0,0,0,0,0,0,0,0,0,0,0,0.000565930956423316,0,0,0,0,0,0,0,0,0,0,0,0,0,0,0,0,0,0,0,0,0,0,0,0.000188643652141105,0,0,0,0,0,0,"SRR13891640","L3JM","LBW","M"
"SRR13891642",0.138299519900883,0.00402663775747251,0.00511073253833049,0.711785658974756,0,0.00247793092767539,0.0291156884001858,0,0,0,0,0,0,0.00340715502555366,0.00960198234474214,0,0,0.00201331887873626,0.0181198699086263,0,0,0,0.0038717670744928,0,0.0109958184915595,0,0.00340715502555366,0.00077435341489856,0,0,0.0247793092767539,0.00154870682979712,0,0,0.009137370295803,0,0,0,0,0,0,0,0,0,0,0,0,0,0,0.000619482731918848,0.000464612048939136,0,0,0,0.0038717670744928,0.00449124980641165,0,0,0,0,0,0.00154870682979712,0,0,0,0,0,0,0.000464612048939136,0.00542047390428992,0,0.000154870682979712,0,0,0,0,0,0,0,0,0,0,0,0,0,0,0,0,0,0,0,0,0,0,0,0,0,0,0,0,0,0.000619482731918848,0,0,0,0,0.000154870682979712,0,0,0,0.000619482731918848,0,0,0,0,0,0,0,0,0,0,0,0,0,0,0,0,0,0,0,0,0,0,0,0,0,0,0,0,0,0,0,0,0,0,0,0,0,0,0,0,0,0,0,0,0,0,0,0,0,0,0.00201331887873626,0,0,0,0,0,0,0,0,0,0,0,0,0,0,0,0,0,0,0,0,0,0,0,0,0,0,0,0,0,0,0,0,0,0,0,0,0,0,0,0,0,0,0,0,0,0,0,0,0,0,0,0,0,0,0,0,0,0,0.000154870682979712,0,0,0,0,0,0,0,0,0,0,0,0,0,0,0,0,0,0,0,0.000619482731918848,0,0,0,0,0.000154870682979712,0,0,0,0,0,0,0,0,0,0,0,0,0,0,0,0,0,0,0.000154870682979712,0,0,0,0,0,"SRR13891642","L1JM","LBW","M"
"SRR13891643",0.20353982300885,0,0.150442477876106,0,0,0,0.0117994100294985,0,0,0,0,0,0,0,0,0,0.0176991150442478,0,0,0,0,0,0,0,0,0,0,0,0,0,0,0,0,0,0,0,0,0,0.0294985250737463,0,0,0,0,0,0,0,0,0,0,0,0,0.545722713864307,0,0,0,0,0,0,0,0,0,0,0,0,0,0,0,0,0,0,0,0,0,0,0,0,0,0,0,0,0,0,0,0,0,0,0,0,0,0,0,0,0,0,0,0,0,0,0,0,0,0,0,0,0,0,0,0,0,0,0,0,0,0,0,0,0,0,0,0,0,0,0,0,0,0,0,0,0,0,0,0,0,0,0,0,0,0,0,0,0,0,0,0,0,0,0,0,0,0,0,0,0,0,0,0,0,0,0,0,0,0,0,0,0,0,0,0,0,0,0,0,0,0,0,0,0,0,0,0,0,0,0,0,0,0,0,0,0,0,0,0,0,0,0,0,0,0,0,0,0,0.0206489675516224,0.0206489675516224,0,0,0,0,0,0,0,0,0,0,0,0,0,0,0,0,0,0,0,0,0,0,0,0,0,0,0,0,0,0,0,0,0,0,0,0,0,0,0,0,0,0,0,0,0,0,0,0,0,0,0,0,0,0,0,0,0,0,0,0,0,0,0,0,0,0,0,"SRR13891643","H4JC","HBW","C"
"SRR13891647",0.518665158371041,0.00188536953242836,0.345588235294118,0.010369532428356,0,0,0.0197963800904977,0.00150829562594268,0.0242269984917044,0,0.0129147812971342,0,0,0.00546757164404223,0.00386500754147813,0,0,0.00565610859728507,0,0,0,0,0.00857843137254902,0.00367647058823529,0.0016025641025641,0.000659879336349925,0.0068815987933635,0,0,0,0,0.00659879336349925,0,0,0,0,0,0.0052790346907994,0,0.00113122171945701,0,0,0,0,0,0,0.0042420814479638,0,0,0,0,0,0,0,0.00311085972850679,0,0,0,0,0,0,0.000942684766214178,0.00150829562594268,0,0,0,0,0,0,0,0,0,0,0,0,0,0,0,0,0,0,0,0,0,0,0,0,0,0,0,0,0,0,0,0,0,0,0,0,0,0,0,0,0,0,0,0,0,0,0,0,0,0,0,0,0,0,0,0,0,0,0,0,0,0,0,0.0010369532428356,0.00122549019607843,0,0,0,0,0,0,0,0,0,0,0,0,0,0,0,0.000659879336349925,0,0,0,0,0,0,0,0,0,0,0,0,0,0,0,0,0,0,0,0,0,0,0.00113122171945701,0,0,0,0,0,0,0,0.0010369532428356,0,0,0,0,0,0,0,0,0,0,0,0,0,0,0,0,0,0,0,0,0,0,0.000754147812971342,0,0,0,0,0,0,0,0,0,0,0,0,0,0,0,0,0,0,0,0,0,0,0,0,0,0,0,0,0,0,0,0,0,0,0,0,0,0,0,0,0,0,0,0,0,0,0,0,0,0,0,0,0,0,0,0,0,0,0,0,0,0,0,0,0,0,0,0,0,0,0,0,"SRR13891647","H7JM","HBW","M"
"SRR13891650",0.277929395193239,0.00466590368870499,0.195087595739062,0.00589840654987235,0.000616251430583678,0,0.0146139624966987,0,0.00924377145875517,0.10705167708425,0.0103002024826129,0.0864512721190246,0.0778237520908531,0.00721894532969452,0.00140857469847698,0,0,0,0.000968395105202923,0,0.00193679021040585,0.000968395105202923,0.00510608328197905,0.0278193502949203,0,0.0319570384716965,0.00123250286116736,0.0137336033101505,0,0.00431376001408575,0,0,0.00308125715291839,0,0,0,0,0.00140857469847698,0,0.00123250286116736,0.0117087771810899,0.00255304164098952,0,0.0171670041376882,0,0.0281714939695396,0,0.00176071837309622,0,0,0,0,0,0,0,0,0,0.00827537635355225,0,0.0159345012765208,0,0.00220089796637028,0,0,0.00757108900431376,0,0,0,0,0,0,0,0,0,0,0,0,0,0,0.000880359186548112,0.00132053877982217,0,0,0,0,0,0,0,0,0,0,0,0.000880359186548112,0,0,0,0,0.00149661061713179,0,0,0,0,0,0,0,0,0,0,0,0,0,0,0,0,0,0,0,0,0,0,0,0,0.0007923232678933,0,0,0,0,0,0,0.00167268245444141,0,0,0,0,0,0,0,0,0,0,0,0.000968395105202923,0.000880359186548112,0.000528215511928867,0,0,0,0,0,0,0,0,0,0,0,0,0,0,0,0,0,0,0.00114446694251255,0,0,0,0,0,0,0,0,0,0,0,0,0,0,0,0.000176071837309622,0,0,0,0,0,0,0,0,0,0,0,0,0,0,0,0,0,0,0,0.000704287349238489,0,0,0,0,0,0.000616251430583678,0,0,0,0,0,0,0,0,0,0,0,0,0,0,8.80359186548112e-05,0,0,0,0.000440179593274056,0,0,0,0,0,0,0,0,0,0,0,0,0,0,0,0,0,0,0,0,0,0,0,0,0,0,0,0,0,0,0,0,0,0,0,0,0,0,0,0,0,0,0,0,0,0,"SRR13891650","H4JM","HBW","M"
"SRR13891652",0.436465781409602,0.00122574055158325,0,0.23120531154239,0.000306435137895812,0,0.0119509703779367,0.203830439223698,0.00143003064351379,0.00255362614913177,0.00367722165474974,0.00566905005107252,0,0.00449438202247191,0.0110827374872319,0,0.000817160367722165,0.00388151174668029,0.0200204290091931,0,0.000510725229826353,0.00648621041879469,0.00357507660878447,0,0.00102145045965271,0,0.00148110316649642,0.000102145045965271,0,0,0.0052093973442288,0.00127681307456588,0,0.00357507660878447,0.00975485188968335,0.00107252298263534,0,0.000970377936670071,0,0.000868232890704801,0,0,0.00250255362614913,0.00153217568947906,0.00183861082737487,0.000561797752808989,0.00265577119509704,0,0,0.00250255362614913,0,0,0.000510725229826353,0,0,0.00153217568947906,0,0,0,0,0,0,0.000255362614913177,0,0,0,0,0,0,0,0,0,0,0,0,0.000612870275791624,0,0,0,0.000408580183861083,0,0,0,0,0,0,0,0,0.00240040858018386,0,0,0,0,0,0,0,0,0,0,0,0,0.000868232890704801,0,0,0.00076608784473953,0,0,0,0,0,0,0,0,0,0,0,0.000408580183861083,0,0,0,0,0,0,0,0,0,0,0,0.000561797752808989,0,0,0.000817160367722165,0,0.000868232890704801,0,0,0,0,0,0,0,0,0,0.000255362614913177,0,0,0,0,0,0,0,0,0,0.000612870275791624,0,0,0,0,0,0,0,0,0,0,0,0,0,0.000612870275791624,0,0,0,0,0,0,0,0,0,0.000561797752808989,0,0,0,0,0,0,0,0.000510725229826353,0,0,0,0,0,0,0,0,0,0,0,0,0,0,0,0,0,0,0,0,0,0,0,0,0,0.000204290091930541,0,0,0,0,0,0,0,5.10725229826353e-05,5.10725229826353e-05,0,0,0,0.000255362614913177,0,0,0,0,0,0,0,0,0.000204290091930541,0,0,0,0,0,0,0,0,5.10725229826353e-05,0,0,0.000306435137895812,0,0,0,0,0,0,0,0,0,0,0,0,0,0,0,0,0,0,0,0,0,0.000153217568947906,5.10725229826353e-05,0,"SRR13891652","H2JM","HBW","M"
"SRR13891656",0.121723518850987,0.0193895870736086,0,0.18491921005386,0,0,0.0122082585278276,0,0,0,0.00718132854578097,0.00107719928186715,0.00215439856373429,0.00251346499102334,0.022262118491921,0,0,0.00215439856373429,0.0125673249551167,0,0,0.0434470377019749,0,0,0.00646319569120287,0.00538599640933573,0,0,0.0675044883303411,0,0.351166965888689,0,0,0.00394973070017953,0.0157989228007181,0,0,0,0.00179533213644524,0,0,0,0,0,0,0,0,0,0,0,0.00251346499102334,0,0,0,0.00107719928186715,0.0125673249551167,0,0,0,0,0.0111310592459605,0,0,0,0,0,0.021903052064632,0,0,0.021903052064632,0,0,0,0.0448833034111311,0,0,0,0,0,0,0,0,0,0,0,0,0,0,0,0,0,0,0,0,0,0,0,0,0,0,0,0,0,0,0,0,0,0,0,0,0,0,0,0,0,0,0,0,0,0,0,0,0,0,0,0,0,0,0,0,0,0,0,0,0,0,0,0,0,0,0,0,0,0,0,0,0,0,0,0,0,0,0,0,0,0,0,0,0,0,0,0,0,0,0,0,0,0,0,0,0,0,0,0,0,0,0,0,0,0,0,0,0,0,0,0,0,0,0,0,0,0,0,0,0,0,0,0,0,0,0,0,0,0,0,0,0,0,0,0,0,0,0,0,0,0,0,0,0,0,0,0,0,0,0,0,0,0,0,0,0,0,0,0,0,0,0,0,0,0,0,0,0,0,0,0,0,0,0,0,0,0,0,0,0.000359066427289048,0,0,0,0,0,0,0,0,0,0,0,0,0,0,0,"SRR13891656","L9JC","LBW","C"
"SRR13891657",0.283267054144998,0.525542979504436,0,0.0312022025084124,0,0.0100948302233099,0.016212909146528,0,0,0,0.00611807892321811,0.000611807892321811,0,0.00825940654634445,0.00672988681553992,0,0,0.00458855919241358,0.00672988681553992,0,0.00214132762312634,0.00734169470786173,0.00367084735393087,0,0.00887121443866626,0.00214132762312634,0.00305903946160905,0,0,0.0437442643010095,0,0,0,0,0,0,0.00458855919241358,0,0,0.00275313551544815,0,0,0,0,0,0,0.00428265524625268,0,0,0.00214132762312634,0.00244723156928724,0,0,0,0,0,0,0,0.00672988681553992,0.00122361578464362,0,0,0,0,0,0,0,0,0,0,0,0,0,0,0,0,0,0,0,0,0,0,0,0,0,0,0,0.00428265524625268,0,0,0,0,0,0,0,0,0,0.00122361578464362,0,0,0,0,0,0,0,0,0,0,0,0,0,0,0,0,0,0,0,0,0,0,0,0,0,0,0,0,0,0,0,0,0,0,0,0,0,0,0,0,0,0,0,0,0,0,0,0,0,0,0,0,0,0,0,0,0,0,0,0,0,0,0,0,0,0,0,0,0,0,0,0,0,0,0,0,0,0,0,0,0,0,0,0,0,0,0,0,0,0,0,0,0,0,0,0,0,0,0,0,0,0,0,0,0,0,0,0,0,0,0,0,0,0,0,0,0,0,0,0,0,0,0,0,0,0,0,0,0,0,0,0,0,0,0,0,0,0,0,0,0,0,0,0,0,0,0,0,0,0,0,0,0,0,0,0,0,0,0,0,0,0,0,0,0,0,0,0,0,0,0,0,"SRR13891657","L8JC","LBW","C"
"SRR13891660",0.0507635746606335,0.734304298642534,0,0.0127262443438914,0,0.074802036199095,0.00325226244343891,0,0,0.00084841628959276,0.00268665158371041,0,0,0.00296945701357466,0,0,0,0.00438348416289593,0,0,0.00127262443438914,0,0,0.03789592760181,0,0,0.00141402714932127,0,0,0.00268665158371041,0,0,0.00197963800904977,0.00381787330316742,0,0,0,0.000565610859728507,0.00197963800904977,0,0,0,0,0,0,0,0,0,0,0.00410067873303167,0.0084841628959276,0,0,0,0,0,0.0254524886877828,0,0,0,0,0,0.00155542986425339,0.00197963800904977,0,0,0,0,0,0,0,0,0,0,0.00311085972850679,0,0,0.00197963800904977,0,0,0.00353506787330317,0,0,0,0.00480769230769231,0,0,0.00240384615384615,0,0,0,0,0,0,0,0,0,0,0,0.00084841628959276,0,0,0,0,0,0,0.000282805429864253,0,0,0,0,0,0,0,0,0,0,0,0,0,0,0,0,0,0,0,0,0,0,0,0.00240384615384615,0,0,0,0,0,0,0,0,0,0,0,0,0,0,0,0,0,0,0,0,0,0,0,0,0,0,0,0,0,0,0,0,0,0,0,0,0,0,0,0,0,0,0,0,0,0,0,0.000141402714932127,0,0,0,0,0,0,0,0,0,0,0,0,0,0,0,0,0,0,0,0,0,0,0,0,0,0,0,0,0,0,0,0,0,0,0,0,0,0,0,0,0,0,0,0,0,0,0,0,0,0,0,0,0,0,0,0,0.000565610859728507,0,0,0,0,0,0,0,0,0,0,0,0,0,0,0,0,0,0,0,0,0,0,0,0,0,0,0,0,0,0,0,0,0,0,"SRR13891660","L5JC","LBW","C"
"SRR13891662",0.0252721617418351,0.792768273716952,0,0.00233281493001555,0,0.00777604976671851,0.00116640746500778,0,0,0.0046656298600311,0,0.00408242612752722,0,0,0,0,0.000583203732503888,0,0,0,0.0608475894245723,0,0,0.00174961119751166,0,0,0,0,0,0.0145800933125972,0,0,0,0,0,0,0.00330482115085537,0,0.0114696734059098,0,0,0.0223561430793157,0,0,0,0,0,0,0,0.0136080870917574,0.0147744945567652,0,0,0,0,0,0,0,0,0,0,0,0,0.00894245723172628,0,0,0,0,0,0,0,0.00330482115085537,0,0,0,0,0,0,0,0,0,0,0,0,0,0,0,0,0,0,0,0,0,0,0,0,0,0,0,0,0,0,0,0,0.00233281493001555,0,0.000583203732503888,0,0,0,0,0,0,0,0,0,0,0,0,0,0,0,0,0,0,0.00213841368584759,0,0,0,0,0,0,0,0,0,0,0,0,0,0,0,0,0,0,0,0,0,0,0,0,0,0,0,0,0,0,0,0,0,0,0,0,0,0,0,0,0,0,0,0,0,0,0,0,0,0,0,0,0.000194401244167963,0,0,0,0,0,0,0,0,0,0,0,0,0,0,0,0,0,0,0,0,0,0,0,0,0,0,0,0,0,0,0,0,0,0,0,0,0,0,0,0,0,0,0,0,0,0,0,0,0.000972006220839813,0,0,0,0,0,0,0,0,0,0,0,0,0,0,0,0,0,0,0,0,0,0,0,0,0,0,0,0,0,0,0,0.000194401244167963,0,0,0,0,0,0,0,0,0,0,"SRR13891662","L3JC","LBW","C"
"SRR13891666",0.215210355987055,0.41747572815534,0.183252427184466,0.0177993527508091,0,0.00728155339805825,0.0101132686084142,0.0230582524271845,0.0145631067961165,0.00161812297734628,0.0093042071197411,0.0040453074433657,0,0,0.00485436893203883,0,0,0.0052588996763754,0,0,0.00889967637540453,0,0,0,0.00606796116504854,0.00364077669902913,0.00364077669902913,0.00202265372168285,0,0.00647249190938511,0,0,0.00566343042071197,0,0,0.00202265372168285,0,0.00121359223300971,0.020631067961165,0,0,0,0,0,0,0,0,0,0,0,0.00849514563106796,0,0,0,0,0,0,0,0,0,0,0,0,0,0,0,0,0,0,0,0,0,0,0,0,0.00121359223300971,0,0,0,0,0.00889967637540453,0,0,0,0,0,0,0,0,0,0,0,0,0.000809061488673139,0,0,0,0,0,0,0,0,0,0,0,0,0.00323624595469256,0,0,0,0,0,0,0,0,0,0,0,0,0,0,0,0,0,0,0,0,0,0,0,0,0,0,0,0,0,0,0,0,0,0,0,0,0,0,0,0.00161812297734628,0,0,0,0,0,0,0,0,0,0,0,0,0,0,0,0,0,0,0,0,0,0,0,0,0,0,0,0,0,0,0,0,0,0,0,0,0,0,0,0,0,0,0,0,0,0,0,0,0,0,0,0,0,0,0,0,0,0,0,0,0,0,0,0,0,0,0,0,0,0,0,0,0,0,0,0,0,0,0,0,0,0,0,0,0,0,0,0,0,0.00161812297734628,0,0,0,0,0,0,0,0,0,0,0,0,0,0,0,0,0,0,0,0,0,0,0,0,0,0,0,0,0,0,0,0,0,"SRR13891666","H1JC","HBW","C"
"SRR13891630",0.148888888888889,0.368888888888889,0.15,0.00555555555555556,0,0.0188888888888889,0.0144444444444444,0,0,0,0,0,0,0,0,0,0,0,0,0,0.00666666666666667,0,0,0.00666666666666667,0,0,0,0,0,0,0,0,0,0,0,0,0.0511111111111111,0,0.00777777777777778,0,0,0.00111111111111111,0,0,0,0,0,0,0,0.0366666666666667,0.00333333333333333,0,0,0,0,0,0.0444444444444444,0,0,0,0,0,0,0,0,0,0,0,0,0,0,0,0,0,0.0388888888888889,0,0,0,0,0,0.04,0,0,0,0,0.0533333333333333,0,0,0,0,0,0,0,0,0,0,0,0,0,0,0,0,0,0,0,0,0.00222222222222222,0,0,0,0,0,0,0,0,0,0,0,0,0,0,0,0,0,0,0,0,0,0,0,0,0,0,0,0,0,0,0,0,0,0,0,0,0,0,0,0,0,0,0,0,0,0,0,0,0,0,0,0,0,0,0,0,0,0,0,0,0,0,0,0,0,0,0,0,0,0,0,0.00111111111111111,0,0,0,0,0,0,0,0,0,0,0,0,0,0,0,0,0,0,0,0,0,0,0,0,0,0,0,0,0,0,0,0,0,0,0,0,0,0,0,0,0,0,0,0,0,0,0,0,0,0,0,0,0,0,0,0,0,0,0,0,0,0,0,0,0,0,0,0,0,0,0,0,0,0,0,0,0,0,0,0,0,0,0,0,0,0,0,0,0,0,0,"SRR13891630","H7JC","HBW","C"
"SRR13891631",0.440406199893105,0.0261892036344201,0.00908605024051309,0.137359700694816,0,0,0.0106894708711919,0,0,0,0.00534473543559594,0.0459647247461251,0,0.00801710315339391,0.017103153393907,0,0,0.00534473543559594,0.0497060395510422,0,0,0,0,0,0.0181721004810262,0,0,0,0,0,0.0951362907536077,0,0.00641368252271513,0,0,0,0,0,0.00160342063067878,0,0,0.00213789417423838,0,0.0245857830037413,0,0.00427578834847675,0,0,0,0.0491715660074826,0.00106894708711919,0,0,0,0,0,0,0,0,0,0,0,0,0,0,0,0,0,0,0,0,0,0,0,0,0,0,0,0,0,0,0,0,0,0.0101549973276323,0,0,0.0085515766969535,0.0112239444147515,0,0,0,0,0,0,0,0,0,0,0,0,0,0,0,0,0,0.00213789417423838,0,0,0,0,0,0,0,0,0,0,0,0,0,0,0,0,0,0,0,0,0,0,0,0,0,0,0,0,0,0,0,0,0,0,0,0,0,0,0,0,0,0,0,0,0,0,0,0,0,0,0,0,0,0,0,0,0,0,0,0,0,0,0,0,0,0,0,0,0,0,0,0,0,0,0,0,0,0,0,0.00481026189203634,0,0,0,0,0,0,0,0,0,0,0,0,0,0,0,0,0,0,0,0,0,0,0,0,0,0,0,0,0,0,0,0,0,0,0,0,0,0,0,0,0,0,0.00320684126135756,0,0,0,0,0,0,0,0,0,0,0,0,0.00106894708711919,0,0,0,0,0,0,0,0,0.000534473543559594,0.000534473543559594,0,0,0,0,0,0,0,0,0,0,0,0,0,0,0,0,0,"SRR13891631","H6JC","HBW","C"
"SRR13891636",0.00708329597417735,0.735048865776024,0,0.125347440150632,0,0,0.00215188738456021,0,0,0.000358647897426701,0,0.00170357751277683,0,0,0.00152425356406348,0,0,0,0.00358647897426701,0,0.000806957769210078,0.00260019725634358,0.000627633820496727,0.000806957769210078,0.00152425356406348,0,0,0,0,0,0.0368510714605936,0,0,0,0,0,0,0,0.00161391553842016,0,0.000268985923070026,0.00215188738456021,0,0,0,0,0,0,0.00143459158970681,0.0193669864610419,0.0416031561014974,0,0,0,0.00116560566663678,0,0,0,0,0,0,0,0,0.0065453241280373,0,0,0,0,0,0.00197256343584686,0,0,0,0,0,0,0,0,0,0,0,0,0,0,0,0,0,0,0,0,0,0,0,0,0,0,0.00152425356406348,0,0,0,0,0,0,0,0,0,0,0,0,0,8.96619743566753e-05,0,0,0,0,0,0,0,0,0,0,0,0,0,0,0,0,0,0,0,0,0,0,0,0,0,0,0,0,0,0,0,0,0,0,0,0,0,0,0,0,0,0,0,0.00125526764099345,0,0,0,0,0,0,0,0,0,0,0,0,0,0,0,0,0,0,0,0,0,0,0,0,0,0,0,0,0,0,0,0,0,0.000806957769210078,0,0,0,0,0,0,0,0,0,0,0,0,0,0,0,0,0,0,0,0,0,0,0,0,0,0,0,0,0,0,0,0,0,0,0,0,0,0,0,0,0,0,0,0,0,0,0,0,0,0,0,0,0,8.96619743566753e-05,0,0,0,0,0,0,0,0,0,0,0,0,0,0,0,0,0,8.96619743566753e-05,0,0,0,0,0,0,0,0,0,"SRR13891636","L7JM","LBW","M"
"SRR13891637",0.702191464821223,0,0,0.00907343329488658,0,0,0.0246059207996924,0,0,0.000461361014994233,0.00838139177239523,0.00153787004998078,0,0.0093041138023837,0.00230680507497117,0.108958093041138,0,0.00953479430988081,0.00169165705497885,0,0,0.00199923106497501,0.00699730872741253,0.00123029603998462,0.00545943867743176,0,0.00838139177239523,0.00384467512495194,0.0285274894271434,0,0,0.00538254517493272,0.00530565167243368,0.00784313725490196,0,0.00661284121491734,0,0.00430603613994617,0,0.000692041522491349,0,0.00176855055747789,0,0,0,0,0,0,0.00269127258746636,0,0,0,0.00269127258746636,0,0,0,0,0.000845828527489427,0.0027681660899654,0,0.00338331410995771,0.00161476355247982,0.000845828527489427,0,0,0,0,0,0.000461361014994233,0,0,0,0,0,0,0,0.00484429065743945,0,0,0.00176855055747789,0,0.00222991157247213,0.00176855055747789,0.00169165705497885,0,0,0,0,0,0,0,0,0,0.000307574009996155,0,0,0,0,0.0013840830449827,0,0,0,0,0.00269127258746636,0,0,0,0,0,0,0,0,0,0,0,0,0,0,0,0,0,0,0,0,0,0,0,0,0,0,0,0,0,0,0,0,0,0,0,0,0,0.000153787004998078,0,0,0,0,0,0,0,0,0,0,0,0,0,0,0,0,0,0,0,0,0,0,0,0,0,0,0,0,0,0,0,0,0,0,0,0,0,0,0,0,0.000768935024990388,0,0,0,0,0,0,0.000692041522491349,0,0,0,0,0,0,0,0,0,0,0,0,0,0,0,0,0,0,0,0,0,0,0,0,0,0,0,0,0,0,0,0,0,0,0,0,0,0,0,0,0,0,0,0,0,0,0,0,0,0,0,0,0,0,0,0,0,0,0,0,0,0,0,0,0,0,0,0,0,0,0,0,0,0,0,0,0,0,0,0,"SRR13891637","L6JM","LBW","M"
"SRR13891639",0.39413782351107,0.0106018085438104,0.0124727159338946,0.0159027128157156,0,0.00530090427190521,0.0330526972248207,0,0,0.0873090115372622,0.0140318054256314,0.148425319613346,0.0165263486124104,0.00592454006859994,0.00654817586529467,0,0.0159027128157156,0.00654817586529467,0.0062363579669473,0,0,0.010289990645463,0,0.00530090427190521,0.0071718116619894,0.00530090427190521,0.0130963517305893,0.0293108824446523,0.00124727159338946,0.00124727159338946,0,0.00748362956033676,0.00436545057686311,0,0,0.0143436233239788,0,0.00405363267851575,0,0.00218272528843156,0.0399126909884627,0,0,0.00249454318677892,0,0,0,0.0062363579669473,0.00841908325537886,0.000935453695042095,0,0,0.00124727159338946,0,0,0,0,0.0109136264421578,0,0.0062363579669473,0.00249454318677892,0,0.00342999688182102,0,0,0,0,0,0.00155908949173683,0,0,0.00218272528843156,0,0,0,0,0,0,0,0,0,0,0,0,0,0,0.000935453695042095,0,0,0,0,0.00249454318677892,0,0,0,0,0,0,0,0.00966635484876832,0,0,0,0,0,0,0,0,0,0,0,0,0,0,0,0,0,0,0,0,0,0,0,0,0,0,0,0,0.000311817898347365,0,0,0,0,0,0,0,0,0,0,0,0,0.00218272528843156,0,0,0,0,0,0,0,0,0,0,0,0,0,0,0,0,0,0,0,0,0,0,0,0,0,0,0,0,0,0,0.00342999688182102,0,0,0,0,0,0,0,0,0,0,0,0,0,0,0,0,0,0,0,0,0,0,0.00249454318677892,0,0,0,0.00218272528843156,0,0,0,0,0,0,0,0,0,0,0,0,0.00187090739008419,0,0,0,0,0.00155908949173683,0.00155908949173683,0,0,0,0,0,0,0,0,0,0,0,0,0,0,0,0,0,0,0,0.000935453695042095,0,0,0,0,0,0,0,0,0,0,0,0,0,0,0,0,0,0,0,0,0,0,0,0,0,0,0,0,0,0,0,"SRR13891639","L4JM","LBW","M"
"SRR13891649",0.577259475218659,0.205053449951409,0,0.0291545189504373,0.00194363459669582,0,0.00971817298347911,0.00194363459669582,0,0.000971817298347911,0.00728862973760933,0.00583090379008746,0,0,0.010689990281827,0,0.00388726919339164,0.00826044703595724,0.0165208940719145,0,0,0,0,0,0.0121477162293489,0,0,0,0,0,0.0189504373177843,0,0,0.00534499514091351,0,0,0,0,0,0.00291545189504373,0,0.000485908649173955,0,0,0,0,0,0,0,0.0087463556851312,0.0116618075801749,0,0.00194363459669582,0,0,0.0121477162293489,0,0,0,0,0,0,0,0,0,0,0.0199222546161322,0,0,0,0,0,0,0,0,0,0,0,0,0,0,0,0,0,0,0,0,0,0,0,0,0,0,0,0,0,0,0,0,0,0,0,0,0,0,0,0,0,0,0,0,0,0,0.0140913508260447,0.00242954324586978,0,0,0,0,0,0,0,0,0,0,0,0,0,0,0,0,0,0,0,0,0,0,0,0,0,0,0,0,0,0,0,0,0,0,0,0,0,0,0,0,0,0,0,0,0,0,0,0,0,0,0,0,0,0,0,0,0,0,0,0,0,0.00534499514091351,0,0,0,0,0,0,0,0,0,0,0,0,0,0,0,0,0,0,0,0,0,0,0,0,0,0,0,0,0,0,0,0,0,0,0,0,0,0,0,0,0,0,0,0,0,0.00388726919339164,0,0,0,0,0,0,0,0,0,0,0,0,0,0,0,0,0,0,0,0.000485908649173955,0,0,0,0,0,0,0.000971817298347911,0,0,0,0,0,0,0,0,0,0,0,0,0,0,0,0,0,0,0,0,"SRR13891649","H5JM","HBW","M"
"SRR13891653",0.455212030637026,0.00537082010087801,0.301139547917056,0.00266205865869606,0,0,0.0172333271062955,0,0.0607136185316645,0.00471698113207547,0.0119092097889034,0.010321315150383,0.0011208668036615,0.00789277040911638,0.00308238371006912,0,0.0554362039977583,0.0110218569026714,0.00200821968989352,0,0.00032691948440127,0.00191481412292173,0.00565103680179339,0.000747244535774332,0,0,0.00737903979077153,0.000233513917429479,0,0.000280216700915375,0,0.00135438072109098,0.00196151690640762,0,0,0.00121427237063329,0,0.00247524752475248,0.000420325051373062,0.00336260041098449,0.000233513917429479,0,0.00406314216327293,0.00233513917429479,0.0011208668036615,0,0.00158789463852046,0,0,0,0,0,0.00116756958714739,0,0,0,0,0,0,0,0,0.00266205865869606,0.00116756958714739,0,0,0,0,0,0,0,0,0,0,0,0,0,0,0,0,0,0,0,0.000607136185316645,0,0,0,0,0,0,0,0,0,0,0,0.000934055669717915,0.000887352886232019,0,0,0,0,0,0,0,0,0,0,0,0,0,0.000747244535774332,0,0.00116756958714739,0,0,0,0,0,0,0,0,0.00116756958714739,0,0,0,0,0,0,0,0,0,0,0,0,0,0.000934055669717915,0.000934055669717915,0,0,0,0,0,0,0,0,0,0,4.67027834858958e-05,0,0,0,0,0,0,0,0,0,0.000653838968802541,0,0,0,0,0,0,0,0,0,0,0,0,0,0,0,0,0,0,0,0,0,0,0,0,0,0,0,0,0,0,0,0,0,0,0,0,0,0,0,0,0,0,0,0,0,0,0,0,0,0,0,0,0,0,0,0,0,0,0,0,0,0,0,0,0,0,0,0,0.000233513917429479,0,0,0,0,0,0,0,0,0.000186811133943583,0,0,0,0,0,0,0,0,0,0,0,0,0,0,0,0,0,0,0,0,0,0,0,0,0,0,0,0,0,0,0,0,0,0,0,"SRR13891653","H1JM","HBW","M"
"SRR13891655",0.0789646133682831,0.102883355176933,0,0.00344036697247706,0,0.651376146788991,0.0040956749672346,0,0,0.0239187418086501,0,0.0476736566186107,0.0139252948885976,0.00196592398427261,0.00163826998689384,0,0.00114678899082569,0,0,0,0.00802752293577982,0.00163826998689384,0,0.0116317169069463,0.00081913499344692,0.00589777195281782,0,0,0.00294888597640891,0.00393184796854522,0,0.00212975098296199,0,0.00147444298820446,0,0,0,0.00114678899082569,0.00294888597640891,0,0.00278505897771953,0.000163826998689384,0,0,0,0.00212975098296199,0,0,0,0.00212975098296199,0.00180209698558322,0,0,0,0,0,0,0,0,0.000982961992136304,0,0,0,0,0,0,0,0.00163826998689384,0,0,0,0,0,0,0,0,0,0.00262123197903014,0,0,0.0040956749672346,0,0,0,0,0,0,0,0,0,0,0,0.00163826998689384,0,0,0,0,0,0,0,0,0,0,0,0,0,0.00360419397116645,0,0,0,0,0,0,0,0,0,0,0,0,0,0,0,0,0,0,0,0,0,0,0,0,0,0,0,0,0,0,0,0,0,0,0,0,0,0,0,0.00147444298820446,0,0,0,0,0,0,0,0,0,0,0,0,0,0,0,0.000655307994757536,0,0,0,0,0,0,0,0,0,0,0,0,0,0,0,0.000163826998689384,0.000327653997378768,0,0,0,0,0,0,0,0,0,0,0,0,0,0,0,0,0,0,0,0,0,0,0,0,0,0,0,0,0,0,0,0,0,0,0,0,0,0,0,0,0,0,0,0,0,0,0,0,0,0,0,0,0,0,0,0,0,0,0,0,0,0,0.000163826998689384,0,0,0,0,0,0,0,0,0,0,0,0,0,0,0,0,0,0,0,0,0,0,0,0,0,0,0,"SRR13891655","L10JC","LBW","C"
"SRR13891658",0.505408653846154,0.272475961538462,0.0414663461538462,0.0170673076923077,0,0.01875,0.0409855769230769,0,0.00204326923076923,0.00324519230769231,0.00721153846153846,0.00432692307692308,0,0.00600961538461538,0.00204326923076923,0,0,0.0108173076923077,0.00192307692307692,0,0,0,0.000961538461538462,0,0.00456730769230769,0.000480769230769231,0.00600961538461538,0.000961538461538462,0,0.00288461538461538,0,0.00685096153846154,0.00336538461538462,0.00444711538461538,0.00204326923076923,0.00132211538461538,0.00240384615384615,0.00168269230769231,0,0.00216346153846154,0.00120192307692308,0,0,0,0.00769230769230769,0,0,0,0,0.00216346153846154,0.0046875,0,0.000961538461538462,0,0,0,0,0.00180288461538462,0,0,0,0.000360576923076923,0,0,0,0,0,0,0,0,0,0,0,0,0.00120192307692308,0,0,0.00168269230769231,0,0,0,0,0,0,0,0,0,0,0,0,0,0,0,0,0,0,0,0,0,0,0,0,0,0,0,0,0.000721153846153846,0,0,0,0,0.000600961538461538,0,0,0,0,0,0,0,0,0,0,0,0,0,0,0,0,0,0,0,0,0,0.0015625,0,0,0,0,0,0,0,0,0,0,0,0,0,0,0,0,0,0,0,0,0,0,0,0,0,0,0,0,0,0,0,0,0,0,0,0,0,0,0,0,0,0,0,0,0,0,0,0,0,0,0,0,0,0,0,0,0,0,0,0,0,0,0,0,0,0,0,0,0,0,0,0,0,0,0,0,0,0,0.000721153846153846,0,0,0,0,0,0,0,0,0,0,0,0,0,0.000600961538461538,0,0,0,0,0,0,0,0,0,0,0,0,0,0,0,0,0,0,0.000120192307692308,0,0,0,0,0,0,0,0,0,0,0,0,0,0,0,0,0,0,0,0,0,0,0,0,"SRR13891658","L7JC","LBW","C"
"SRR13891659",0.58285537126027,0.219190823128197,0.00992094248953651,0.00666563323515734,0,0.019996899705472,0.0322430630909936,0,0.00403038288637421,0,0.00837079522554643,0,0,0.00186017671678809,0,0.000310029452798016,0,0.00635560378235932,0,0,0.00232522089598512,0.00263525034878313,0.0111610603007286,0.00077507363199504,0,0,0.00341032398077817,0,0.00465044179197024,0.0136412959231127,0,0,0.00465044179197024,0,0,0.00341032398077817,0.00263525034878313,0,0.00124011781119206,0,0,0.0283676949310184,0,0,0,0,0,0,0,0.0038753681599752,0.00217020616958611,0,0,0,0,0,0.0077507363199504,0,0,0,0,0,0,0,0,0,0,0,0,0,0,0,0,0,0,0,0,0,0,0,0.00279026507518214,0,0,0,0.000465044179197024,0,0,0,0,0,0,0,0,0,0,0,0,0,0.00217020616958611,0,0,0,0,0,0,0.00511548597116726,0.000310029452798016,0,0,0,0,0,0,0,0,0,0,0,0,0,0,0,0,0,0,0,0,0,0,0,0,0,0,0,0,0,0,0,0,0,0,0,0,0,0,0,0,0,0,0,0,0,0,0,0,0,0,0,0,0,0,0,0,0,0,0,0,0,0.00186017671678809,0,0,0,0.000930088358394047,0,0,0,0,0,0.000310029452798016,0,0,0.00108510308479306,0,0,0,0,0,0,0,0,0,0,0,0,0,0,0,0,0,0,0,0,0,0,0,0,0,0,0,0,0,0,0,0,0,0,0,0,0,0,0,0,0,0,0,0,0,0,0,0,0,0,0,0,0,0,0,0,0,0,0,0.000465044179197024,0,0,0,0,0,0,0,0,0,0,0,0,0,0,0,0,0,0,0,0,0,0,0,0,0,0,0,0,"SRR13891659","L6JC","LBW","C"
"SRR13891664",0.244779582366589,0.0589327146171694,0.0645011600928074,0.0206496519721578,0,0.35800464037123,0.0575406032482599,0,0,0.0266821345707657,0,0.0310904872389791,0.00301624129930394,0.00464037122969838,0.00812064965197216,0,0,0.00139211136890951,0.00301624129930394,0,0,0,0.00440835266821346,0.00928074245939675,0.00162412993039443,0.00417633410672854,0.00278422273781903,0.00348027842227378,0.00255220417633411,0.0120649651972158,0,0.0192575406032483,0,0,0,0,0.034338747099768,0,0,0,0.0111368909512761,0,0,0.00139211136890951,0,0.00185614849187935,0,0,0,0,0.000232018561484919,0,0,0,0,0,0,0.00603248259860789,0,0.000464037122969838,0,0,0,0,0,0,0,0,0,0,0,0,0,0,0,0,0,0,0,0,0,0,0,0,0,0,0,0,0,0,0,0,0,0,0,0,0,0,0,0,0,0,0,0,0,0,0.000464037122969838,0,0,0,0,0,0,0,0,0,0,0,0,0,0,0,0,0,0,0,0,0,0,0,0,0,0,0,0,0,0,0,0,0,0,0,0,0,0,0,0,0,0,0,0,0,0,0,0,0,0,0,0,0,0,0,0,0,0,0,0,0,0,0,0,0,0,0,0,0,0.00162412993039443,0,0,0,0,0,0,0,0,0,0,0,0,0,0,0,0,0,0,0,0,0,0,0,0,0,0,0,0,0,0,0,0,0,0,0,0,0,0,0,0,0,0,0,0,0,0,0,0,0,0,0,0,0,0,0,0,0,0,0,0,0,0,0,0,0,0,0,0,0,0,0,0,0,0.000464037122969838,0,0,0,0,0,0,0,0,0,0,0,0,0,0,0,0,0,0,0,"SRR13891664","L1JC","LBW","C"
